checking_account,duration,credit_history,purpose,credit_amount,savings_account,employment,installment_rate,personal_status,other_debtors,residence_since,property,age,other_installments,housing,existing_credits,job,num_dependents,telephone,foreign_worker,target
0,49,4,9,7548,3,1,1,0,1,3,3,70,1,1,3,1,1,1,1,1
3,66,3,0,13812,3,4,2,0,2,2,1,20,2,0,3,0,1,0,0,1
2,8,2,4,1880,4,0,2,3,1,1,3,66,0,2,1,2,1,1,0,1
1,26,4,5,16703,4,2,3,3,1,3,2,62,1,1,1,2,1,1,0,1
1,21,0,8,9658,3,4,2,3,1,3,1,63,2,2,1,1,1,1,1,1
3,43,4,1,11175,1,4,1,4,0,1,0,28,2,1,2,3,1,0,1,1
0,40,4,4,3706,2,1,2,2,0,2,2,68,1,2,2,2,1,0,1,1
2,63,2,1,9896,2,3,2,4,2,1,2,52,0,1,1,0,1,1,0,1
0,66,3,8,307,3,0,3,3,0,3,3,41,0,0,2,3,1,0,1,2
0,56,2,6,16495,4,0,2,1,0,3,2,57,1,0,1,0,1,1,0,1
2,17,1,5,13916,1,1,2,4,1,1,0,38,1,1,3,2,1,1,0,1
3,6,3,4,8543,2,4,3,0,2,3,2,34,0,1,3,1,1,0,0,1
2,65,1,1,15504,0,3,2,2,1,2,2,35,0,2,3,2,1,0,1,1
3,68,1,10,15061,3,2,3,4,1,2,1,50,1,1,1,3,1,0,1,2
2,21,2,7,2423,2,1,3,3,1,1,1,52,2,2,3,2,1,0,1,1
3,7,4,3,1232,2,0,3,4,0,3,3,32,0,0,2,2,1,0,1,2
2,50,1,4,4877,2,1,3,0,0,2,2,32,1,1,3,3,1,1,0,2
0,44,2,7,273,1,0,2,2,0,3,2,71,0,2,3,2,1,1,1,1
3,64,0,7,10709,2,0,1,3,2,1,1,47,0,0,2,3,1,0,0,1
1,43,0,5,9891,3,3,2,3,2,2,1,67,1,0,1,1,1,1,1,1
2,55,0,3,10068,1,0,1,4,0,1,2,37,0,2,3,0,1,0,0,2
1,57,0,7,1593,0,0,2,2,0,3,3,35,0,1,2,0,1,0,1,1
0,4,4,7,17007,1,2,3,3,0,2,2,34,2,2,3,2,1,1,1,1
3,14,4,6,18071,0,1,2,2,2,3,2,48,0,1,3,2,1,1,1,1
3,57,4,0,11027,1,2,1,4,1,1,0,62,0,2,1,0,1,0,1,1
2,16,0,5,350,3,0,1,0,2,3,3,47,2,2,3,0,1,0,0,1
1,18,0,6,7476,0,1,3,1,1,1,0,35,1,2,1,3,1,1,0,1
3,55,1,10,13356,3,2,3,0,2,2,3,72,0,0,1,2,1,0,1,1
2,17,2,5,13914,1,3,2,3,1,1,1,51,1,1,1,3,1,0,1,2
1,14,1,3,4691,4,2,3,1,0,1,3,41,1,0,3,0,1,0,0,1
1,4,2,6,15264,3,2,3,1,2,2,3,19,0,0,1,0,1,0,1,1
0,35,0,1,17907,1,2,2,4,2,1,3,50,1,0,3,1,1,1,0,1
0,47,3,0,9533,2,1,1,1,2,2,3,53,1,1,1,3,1,1,1,2
2,53,1,7,7213,0,1,3,0,2,3,2,71,0,1,2,2,1,0,0,1
3,65,0,10,9851,0,2,2,0,0,1,3,31,2,2,1,3,1,0,0,2
0,48,3,9,747,4,0,3,1,0,3,0,28,1,0,2,1,1,0,1,1
3,55,4,6,9802,4,3,3,4,1,1,0,74,2,1,2,1,1,0,1,2
3,18,0,0,741,0,3,2,2,0,1,2,49,0,2,3,2,1,0,1,1
1,27,2,10,884,1,1,2,4,1,2,3,20,0,2,3,3,1,1,1,2
2,24,4,4,10349,0,1,1,1,0,2,3,24,2,0,3,1,1,1,1,1
0,8,3,3,9571,1,1,3,1,1,2,2,45,2,2,2,2,1,1,0,2
3,69,4,9,18257,1,3,1,0,1,1,2,53,0,0,1,3,1,0,1,2
2,20,2,8,9515,1,3,2,1,1,2,2,32,2,1,1,1,1,0,1,1
1,34,1,8,18130,2,0,2,2,2,1,3,39,0,1,3,3,1,0,1,1
0,28,3,3,14979,0,2,1,4,1,1,3,60,1,2,2,2,1,0,1,1
3,7,0,10,6405,4,0,2,1,1,3,0,73,0,2,3,3,1,0,0,1
1,65,1,4,17152,3,2,3,3,0,1,2,46,1,2,2,1,1,0,1,1
3,18,3,5,9059,3,1,1,3,1,2,1,42,2,2,2,2,1,1,1,1
2,10,3,8,11107,0,1,1,1,0,2,3,39,2,1,3,1,1,0,0,1
3,27,0,7,2083,3,2,1,4,0,1,2,26,2,2,3,2,1,0,1,1
3,13,2,1,4129,4,1,1,2,1,3,3,21,0,0,1,1,1,1,0,2
0,71,1,3,9779,0,1,1,0,0,2,1,65,2,1,2,2,1,1,1,1
1,16,2,3,5200,3,3,2,4,1,3,2,21,1,0,1,3,1,1,1,1
1,24,4,10,11194,1,4,3,4,0,2,0,64,1,2,3,1,1,0,0,1
1,22,0,7,1708,3,0,3,0,2,3,3,32,2,2,1,1,1,0,1,1
0,5,4,4,4831,2,1,3,4,2,3,0,57,1,2,3,1,1,0,0,1
2,4,2,8,12389,4,4,3,4,0,1,1,72,1,2,3,2,1,0,1,1
0,38,3,8,11421,0,2,2,4,1,3,3,60,1,0,1,2,1,1,1,1
2,19,2,4,18201,1,1,3,1,1,3,3,59,1,2,2,2,1,1,0,1
2,9,1,4,16669,1,2,1,3,1,2,1,33,2,1,1,0,1,1,0,1
3,23,3,9,15043,1,0,3,2,1,1,1,52,1,2,2,0,1,1,0,1
2,22,3,6,267,1,0,1,3,2,2,0,54,1,2,2,0,1,0,0,1
1,32,0,1,11245,1,3,3,3,1,3,3,42,0,1,2,3,1,0,0,1
3,71,3,7,4428,0,2,1,3,0,2,0,21,1,0,3,3,1,1,0,1
1,24,3,6,5121,3,3,1,2,1,1,0,70,2,1,2,0,1,1,0,1
1,51,1,5,4081,2,1,2,3,0,2,1,30,1,1,2,0,1,1,0,1
3,56,4,7,8570,4,4,3,2,1,3,0,73,0,2,1,3,1,1,0,1
1,7,3,9,2510,3,2,1,0,0,1,0,71,1,1,3,2,1,0,0,2
0,38,1,3,9955,0,3,1,0,0,2,2,20,2,1,1,1,1,0,1,1
1,34,0,4,3281,0,0,2,4,2,1,2,60,0,1,2,2,1,1,1,1
3,38,3,2,9383,2,0,3,4,0,3,1,54,0,0,1,0,1,0,0,1
0,15,1,7,11672,2,3,3,2,2,3,3,31,1,0,1,0,1,1,1,1
1,35,3,4,3529,1,4,2,0,2,3,2,64,1,0,2,1,1,0,0,1
0,12,2,3,2124,3,4,2,3,1,2,0,25,0,1,3,3,1,0,1,2
2,68,2,7,14964,2,1,2,0,2,1,2,32,2,1,1,3,1,0,0,1
1,43,0,4,13728,3,0,3,1,0,2,2,72,2,2,2,0,1,1,0,1
1,6,3,5,5021,0,4,1,1,0,3,3,60,1,2,3,2,1,0,1,1
0,38,0,4,16438,4,3,1,0,0,1,0,25,1,0,2,3,1,0,0,1
2,66,2,2,4286,1,1,1,4,1,1,0,27,0,0,1,3,1,1,1,1
2,54,4,1,17160,2,3,1,2,1,3,1,33,2,1,1,3,1,0,0,1
3,22,4,9,2317,2,4,2,1,2,2,1,22,2,2,3,0,1,0,0,2
1,64,4,1,12298,4,1,3,2,1,1,3,29,1,0,1,0,1,1,0,1
0,16,4,3,599,1,3,2,0,0,1,2,51,1,0,1,0,1,1,1,1
3,20,2,7,3852,1,3,2,2,2,2,2,19,2,0,1,0,1,1,0,2
2,14,1,1,7635,1,2,1,2,2,2,2,35,2,1,3,0,1,0,1,2
2,66,4,7,1806,1,3,2,1,2,3,3,36,0,2,2,1,1,1,1,2
0,52,4,8,8589,0,1,1,4,1,3,1,73,2,2,3,2,1,0,1,1
1,39,4,7,4484,0,4,3,1,1,2,0,73,2,1,2,1,1,1,1,1
3,49,3,3,2055,1,4,2,0,1,2,0,66,2,0,1,1,1,0,1,2
3,21,0,0,17805,2,4,2,2,2,3,1,38,1,1,1,0,1,1,1,1
1,8,2,9,18168,1,3,3,4,0,3,2,48,1,1,1,0,1,1,0,2
3,61,2,3,17812,1,0,1,1,2,1,1,47,0,0,1,3,1,0,0,1
3,69,4,8,3062,3,1,2,0,0,3,1,67,1,2,2,2,1,0,1,2
1,6,1,2,7220,1,2,2,4,1,3,1,60,0,2,1,0,1,1,0,1
3,7,1,1,6225,4,4,1,2,0,1,3,69,1,0,1,3,1,1,1,1
1,42,0,8,6195,3,2,1,0,1,3,3,49,0,0,2,3,1,1,0,1
0,6,4,10,7853,0,2,1,3,2,1,0,70,1,0,2,3,1,1,0,1
2,53,3,9,9557,1,0,1,1,2,2,0,60,1,2,3,0,1,1,0,1
2,68,0,8,9103,0,3,3,4,2,2,0,60,0,1,2,2,1,0,0,2
0,23,2,2,5573,1,1,1,1,0,3,3,56,2,0,2,3,1,0,1,1
3,24,2,10,18131,1,0,1,2,0,3,1,37,1,0,2,3,1,1,1,1
0,62,2,7,18128,0,4,3,2,2,2,3,53,2,0,1,0,1,0,0,1
3,28,4,1,6294,0,0,2,1,1,2,2,38,0,1,2,3,1,1,0,1
0,20,0,1,4287,2,0,3,2,0,3,2,55,2,2,2,1,1,0,1,1
3,9,1,9,9972,3,0,3,0,2,3,1,33,0,0,1,1,1,0,0,1
3,61,0,3,6986,1,2,1,3,1,3,1,63,1,0,3,2,1,0,1,2
3,66,1,8,18265,4,0,2,3,0,3,0,50,1,1,2,3,1,1,1,1
2,9,4,1,8086,1,4,1,4,2,3,2,58,1,2,3,0,1,0,0,1
1,58,4,3,975,4,2,2,1,1,3,1,31,1,1,1,2,1,0,0,2
2,14,0,3,2532,1,1,3,1,1,3,1,63,2,0,3,3,1,1,0,1
1,13,3,3,1610,2,0,3,2,2,1,0,63,0,0,2,2,1,0,0,2
3,29,1,7,7236,3,2,3,3,1,2,3,27,2,2,3,1,1,1,0,1
2,33,0,10,6026,0,0,1,4,1,1,3,38,0,2,2,0,1,1,1,1
1,62,1,10,15885,4,4,1,0,1,2,1,56,0,2,2,2,1,0,0,1
2,51,0,8,16503,1,1,2,1,0,2,2,67,0,1,1,2,1,1,1,1
2,13,2,2,2811,2,2,1,1,0,1,3,60,2,2,3,2,1,0,1,1
0,43,4,10,17488,3,0,2,1,2,3,2,45,0,1,1,3,1,0,0,1
0,63,2,5,10908,3,0,3,2,0,3,2,35,1,0,1,2,1,1,1,1
0,49,3,6,5849,0,1,1,4,1,2,1,69,1,1,2,2,1,0,0,1
0,19,2,7,7671,4,0,3,0,0,3,2,67,2,2,3,0,1,0,1,2
1,12,0,8,8305,3,3,3,4,0,1,2,69,1,1,3,2,1,0,1,1
2,34,0,10,3362,4,4,3,3,1,2,2,36,2,2,3,0,1,1,1,2
2,36,1,6,16080,2,4,1,3,2,1,2,43,2,2,2,2,1,0,1,2
1,27,1,6,475,3,1,1,3,1,1,2,32,2,0,3,0,1,0,0,2
3,11,4,8,1522,2,3,1,0,0,1,0,72,2,0,2,3,1,1,0,2
2,12,4,2,5238,4,2,1,3,0,2,3,67,0,0,2,1,1,0,0,2
0,39,4,3,2870,4,0,1,1,0,2,3,28,1,2,1,1,1,0,1,1
3,68,3,6,1378,4,0,2,2,2,3,0,32,1,2,3,0,1,0,0,1
2,44,2,0,7246,2,2,1,3,0,2,1,49,0,0,1,0,1,1,1,2
2,33,3,3,7126,3,2,1,3,1,3,3,42,0,0,1,3,1,1,0,1
2,67,2,7,2541,1,0,3,1,0,2,1,44,0,1,2,1,1,1,1,2
2,50,3,10,15036,2,4,3,1,1,1,3,39,2,1,2,2,1,0,1,2
0,52,3,5,16356,3,3,3,2,2,1,3,56,1,2,1,3,1,1,0,1
2,43,3,4,13384,0,2,1,0,1,1,3,69,0,2,2,2,1,1,0,1
3,55,3,4,9779,3,4,2,3,1,2,0,70,2,0,1,0,1,1,1,1
1,38,0,7,17539,0,4,2,0,0,2,1,44,2,0,2,1,1,0,0,1
2,46,3,5,6646,2,4,1,2,0,3,2,65,2,1,3,1,1,1,0,1
0,45,1,0,8043,2,1,3,3,2,1,3,57,2,1,3,1,1,0,0,2
1,55,3,5,524,2,4,2,0,0,1,0,30,2,2,1,0,1,1,1,1
1,65,2,4,13167,2,2,3,4,1,3,1,63,0,1,2,2,1,1,0,1
3,24,4,7,1938,2,3,1,1,0,1,0,38,2,1,2,1,1,0,0,2
0,51,1,9,12392,2,4,2,0,0,2,3,54,1,0,1,1,1,0,1,1
1,6,4,10,14529,2,0,1,3,1,1,3,59,1,0,1,1,1,1,0,2
1,40,4,6,4211,2,2,3,2,2,2,0,71,1,2,1,1,1,0,0,1
3,65,1,3,11419,3,0,2,3,0,3,0,72,1,2,3,0,1,1,0,2
3,47,2,4,5790,2,1,1,3,2,1,1,63,1,0,2,1,1,1,0,1
0,22,2,1,7519,3,2,1,2,1,2,3,47,2,2,1,3,1,0,0,1
0,45,3,10,9919,4,4,2,4,2,2,1,41,0,1,3,2,1,1,0,1
3,28,3,9,4802,4,4,1,1,0,3,1,43,0,1,1,2,1,1,0,1
0,33,4,9,14788,0,1,1,2,2,3,1,72,0,2,3,3,1,0,1,1
3,19,1,3,7451,3,1,3,0,0,1,2,30,2,2,2,2,1,0,0,2
1,46,2,3,8678,1,2,3,3,2,2,1,48,1,0,1,0,1,0,1,2
3,17,2,9,15118,0,4,2,1,1,3,0,57,1,0,2,1,1,0,1,1
1,34,4,5,4406,3,4,3,3,1,1,3,20,1,2,3,1,1,1,1,1
1,67,1,7,8503,0,1,2,4,0,3,1,54,1,2,2,1,1,1,1,2
2,55,2,5,18380,4,0,1,4,1,1,1,33,1,0,3,0,1,1,0,2
0,32,0,4,7544,3,3,3,4,0,2,2,34,0,2,3,0,1,0,1,1
2,69,4,6,2359,4,1,1,0,1,3,2,53,0,1,1,1,1,1,0,1
2,4,1,8,5440,3,0,3,0,2,2,0,19,2,1,3,3,1,1,0,2
3,69,1,3,17694,4,0,2,4,0,3,0,27,1,0,2,2,1,1,1,1
3,27,2,8,14104,0,2,1,1,0,2,0,44,0,2,3,3,1,0,0,1
2,59,2,2,15015,4,1,1,0,0,1,3,51,1,2,2,0,1,1,0,2
1,68,4,4,4877,0,2,3,1,0,3,2,25,1,1,2,1,1,1,0,1
1,44,2,10,15559,1,1,3,4,0,2,3,39,0,2,2,2,1,0,0,2
1,45,2,10,7428,0,3,2,1,0,1,2,36,0,2,3,1,1,1,0,1
3,54,0,10,14757,2,3,1,0,1,1,1,48,2,2,1,1,1,0,1,2
1,20,0,3,16326,3,2,3,3,0,2,2,35,0,2,3,1,1,1,1,2
0,16,1,9,4049,1,0,3,0,2,2,2,19,0,2,1,0,1,1,0,2
1,27,4,10,17377,4,2,2,1,2,3,1,48,1,2,3,3,1,1,1,2
0,36,4,10,11794,3,3,2,0,2,1,3,66,1,2,1,3,1,1,0,2
0,54,3,0,13588,3,1,3,3,1,2,3,51,2,1,1,0,1,0,1,1
0,21,3,8,14060,4,1,2,2,0,3,3,39,2,2,1,1,1,1,1,2
3,42,1,10,3324,2,2,1,4,2,3,3,46,0,0,2,2,1,0,1,2
2,4,0,8,13858,1,1,1,1,0,3,1,26,1,1,1,3,1,1,0,1
2,6,0,2,4136,4,2,2,1,1,1,0,32,0,1,2,3,1,0,0,1
1,69,1,8,5206,2,1,3,0,1,1,1,43,1,2,3,1,1,0,0,1
2,61,1,1,2377,3,1,3,1,2,2,2,52,0,0,1,2,1,1,1,1
0,62,0,5,3555,1,3,2,2,1,2,3,46,0,1,2,3,1,0,0,2
3,26,1,6,18115,1,2,1,0,2,1,1,72,2,0,3,3,1,1,0,1
2,38,0,5,6238,0,2,2,2,2,1,1,54,0,2,2,1,1,1,1,1
3,49,3,7,7312,1,3,1,4,1,1,1,20,1,2,3,3,1,0,1,1
0,21,4,2,9007,0,1,2,3,2,2,3,48,0,0,2,1,1,0,0,1
1,54,3,6,13261,3,0,2,3,0,3,0,51,2,2,1,0,1,1,0,2
2,51,2,7,10721,0,4,3,4,2,1,1,21,2,1,2,3,1,1,0,1
1,31,2,6,10034,3,0,3,3,0,1,0,40,1,2,2,3,1,0,0,1
1,33,1,3,15524,4,2,3,3,2,1,3,67,2,2,1,1,1,1,1,1
0,24,0,3,9300,3,1,1,4,1,3,1,38,1,0,3,1,1,1,0,2
1,58,2,2,14284,2,1,3,0,2,3,0,44,0,0,1,1,1,0,1,2
0,71,2,5,16873,0,0,1,4,0,2,1,31,0,1,1,0,1,1,0,1
1,71,0,6,12589,4,4,2,1,1,1,0,23,0,0,1,3,1,1,1,1
2,56,2,3,894,0,2,3,3,2,1,1,36,0,0,3,0,1,0,1,1
2,27,1,4,5058,3,1,3,4,0,3,3,62,0,2,2,2,1,1,0,1
2,57,0,3,11523,3,3,2,2,0,2,2,74,0,2,3,0,1,1,0,2
1,20,3,2,8989,0,0,1,0,0,1,3,55,1,1,2,2,1,1,0,1
3,64,2,7,5446,3,2,2,1,0,3,2,65,0,0,1,3,1,0,0,1
0,22,3,8,6371,0,2,3,2,1,2,3,55,1,0,2,2,1,0,1,1
1,31,3,3,1680,1,2,2,4,1,2,1,55,1,2,1,2,1,0,0,1
0,10,4,9,4537,4,0,2,4,0,2,3,42,2,0,2,3,1,1,1,1
1,9,4,6,14535,4,4,2,2,0,1,0,22,1,0,1,3,1,1,0,1
3,30,3,1,436,1,1,2,4,0,3,1,41,2,1,3,3,1,0,0,1
1,41,4,4,15522,4,3,1,2,2,3,2,67,1,1,2,0,1,1,1,1
3,5,2,0,6445,4,3,3,2,2,1,1,49,0,1,1,2,1,1,1,1
1,61,4,0,14993,3,1,1,4,0,3,1,61,1,1,3,3,1,0,1,2
2,11,3,3,4924,0,0,3,3,0,1,0,21,1,2,2,1,1,0,0,1
1,71,3,4,15375,1,1,1,2,0,2,0,30,1,1,1,2,1,0,1,1
1,22,4,8,10687,3,4,2,2,2,3,2,35,1,2,2,0,1,1,1,1
3,29,2,1,15788,4,4,2,3,2,1,3,39,1,1,1,3,1,0,0,2
3,14,3,9,1387,4,4,2,3,2,3,0,74,0,1,3,2,1,1,1,2
1,60,1,2,14802,2,1,2,2,0,1,1,44,0,1,2,2,1,1,1,2
3,53,4,1,5186,1,3,3,0,1,3,3,56,2,2,3,3,1,1,0,1
1,9,3,7,6798,4,0,1,0,0,2,3,55,2,2,3,0,1,0,1,2
2,11,3,8,1067,1,3,3,0,2,1,0,42,0,0,3,1,1,1,1,1
3,45,2,6,17661,1,2,3,2,1,3,2,73,2,2,2,3,1,0,0,2
1,62,4,1,11955,4,3,3,3,0,1,0,31,2,2,1,0,1,0,1,2
2,11,0,1,18151,2,3,1,4,2,3,0,20,0,2,2,3,1,0,0,1
1,19,0,4,10619,1,4,1,1,1,3,0,60,2,0,2,1,1,1,0,1
0,41,2,4,3136,0,2,2,3,1,1,2,55,1,2,1,2,1,1,0,1
0,11,3,10,6409,2,1,1,3,0,2,0,33,2,0,3,2,1,0,0,1
1,24,4,3,8277,4,2,3,0,0,2,1,67,1,0,3,2,1,0,1,2
3,4,2,2,2938,2,0,3,1,2,2,0,28,1,2,2,3,1,1,1,1
0,37,3,10,17249,3,0,2,1,0,2,1,33,0,0,3,1,1,1,1,2
1,52,2,1,17732,1,2,3,4,0,1,2,27,0,2,3,0,1,0,0,2
2,32,4,0,10533,3,4,1,4,2,2,1,29,1,1,1,1,1,0,1,1
0,21,3,4,10915,3,2,3,4,0,1,1,59,2,0,2,2,1,1,0,1
2,32,2,4,13088,3,3,1,2,1,3,2,58,2,0,3,3,1,1,0,1
1,38,4,6,12643,3,0,3,2,2,3,2,54,2,2,2,3,1,0,0,2
3,15,0,9,1393,2,2,2,1,1,1,0,67,1,2,3,1,1,1,0,1
2,11,4,10,9947,1,3,2,3,1,3,3,22,1,1,2,3,1,1,1,1
2,16,0,3,14432,3,1,1,0,0,3,3,53,1,2,1,0,1,0,1,1
0,71,1,10,14969,4,0,2,1,1,1,2,25,2,0,2,0,1,1,0,2
1,53,4,6,11127,4,0,3,0,1,3,2,72,0,1,2,0,1,1,0,1
3,12,3,0,16608,1,4,3,2,1,3,2,54,0,0,3,3,1,0,1,1
0,24,4,10,10948,3,3,2,1,0,1,1,61,2,1,1,0,1,0,0,2
3,32,3,1,7234,0,1,1,0,0,2,1,50,1,0,1,2,1,0,0,1
1,16,3,6,8328,2,1,2,1,2,3,1,40,1,1,1,3,1,0,1,1
2,61,1,8,12842,2,0,3,4,2,2,0,57,2,1,2,3,1,1,0,1
2,67,0,2,16428,1,4,1,2,2,1,3,65,2,1,3,3,1,1,1,1
1,20,0,2,4445,4,0,3,4,0,2,1,28,0,1,2,0,1,1,1,1
1,5,1,5,5606,4,3,3,4,2,2,1,67,1,1,3,1,1,1,0,1
2,22,0,9,12146,0,1,3,4,0,3,3,59,1,1,3,2,1,0,0,1
0,43,2,2,14185,1,1,2,1,1,2,2,23,2,0,2,2,1,1,0,1
2,58,3,7,7534,1,1,1,4,0,2,2,71,2,0,2,2,1,0,0,1
0,27,4,4,11988,4,4,1,4,2,3,0,29,1,1,1,2,1,0,1,1
2,22,2,1,373,2,0,3,4,0,2,1,52,2,2,3,1,1,0,0,1
2,20,4,7,5574,3,1,2,1,2,3,2,26,1,2,3,0,1,1,0,2
0,4,4,9,17688,4,1,1,1,0,3,1,29,2,1,3,1,1,1,1,2
3,4,4,6,10770,3,1,3,2,2,3,0,55,1,2,3,1,1,0,0,1
1,33,2,1,16099,0,0,1,4,1,1,3,57,1,2,2,2,1,1,0,2
3,45,1,1,4222,0,4,3,4,0,3,1,57,1,1,1,3,1,1,1,2
0,4,4,4,5557,1,1,2,2,0,3,2,38,2,0,3,2,1,0,0,1
0,17,1,5,18042,1,2,2,0,2,1,1,64,1,1,2,2,1,1,0,2
1,65,2,6,18459,3,1,1,2,0,2,2,21,0,1,3,0,1,1,0,2
0,71,0,2,16252,0,4,1,3,0,2,3,66,0,0,3,2,1,0,1,1
1,47,3,5,6037,1,1,3,2,1,2,3,35,1,2,1,1,1,1,0,1
2,39,3,3,14876,1,1,2,1,0,3,0,53,2,2,2,0,1,1,1,1
0,43,0,7,8623,0,1,3,1,0,3,2,69,1,0,2,0,1,1,0,1
2,29,1,8,15651,0,1,3,0,1,1,3,33,1,1,2,3,1,0,1,2
0,17,2,7,15785,0,0,1,1,2,2,2,42,2,0,1,3,1,0,1,1
0,29,2,0,8186,2,3,2,3,2,3,0,65,1,0,1,2,1,1,0,1
2,51,4,10,5808,2,0,3,1,2,2,0,67,2,0,2,3,1,0,0,1
3,49,1,0,18041,2,1,2,4,0,3,0,32,1,1,1,0,1,0,0,2
0,50,4,10,8472,2,1,2,0,1,2,0,47,2,0,1,1,1,0,0,1
1,45,2,0,8127,3,1,2,2,0,3,3,37,2,0,1,3,1,1,0,2
3,8,4,5,12396,4,3,3,2,2,3,3,47,1,1,3,0,1,0,1,1
3,46,1,1,17344,2,2,3,4,1,1,2,40,0,1,1,2,1,1,0,1
2,63,0,1,2631,3,4,3,4,0,3,2,19,1,0,2,0,1,0,1,1
1,48,0,7,18216,3,1,2,2,2,1,3,70,0,1,1,1,1,0,0,1
1,43,1,8,7957,3,4,2,3,0,3,1,54,1,0,2,1,1,0,0,1
2,19,4,1,717,0,0,2,3,0,3,1,44,0,2,1,1,1,1,0,1
2,57,0,10,5896,4,2,1,2,2,1,2,25,1,1,1,3,1,0,0,1
1,34,1,3,8690,0,3,3,0,1,1,1,22,1,2,2,3,1,0,1,1
0,21,0,3,12601,2,2,1,2,2,2,0,45,0,0,3,2,1,1,0,2
0,37,4,3,10586,3,4,3,1,1,1,2,55,0,2,1,2,1,1,0,2
3,12,3,5,2731,2,1,2,2,2,2,3,33,1,1,2,0,1,0,1,1
1,66,3,1,9160,1,0,3,3,1,1,0,60,0,0,3,0,1,0,1,2
1,51,3,4,4497,4,3,3,1,0,1,0,40,2,2,2,0,1,1,0,1
1,26,3,2,5169,0,0,2,1,0,2,1,19,2,0,3,3,1,0,1,1
3,57,3,0,13232,1,3,2,4,2,3,3,49,2,0,1,0,1,0,0,1
0,7,0,4,14909,4,3,2,1,0,1,2,29,0,2,3,1,1,0,0,1
0,30,4,7,3101,3,4,2,0,1,1,2,19,2,0,1,3,1,1,0,2
1,48,3,8,11243,0,2,1,3,0,1,2,26,1,1,2,2,1,0,1,1
1,5,3,3,7951,3,4,1,3,0,1,1,34,1,0,2,2,1,0,0,1
2,52,1,3,6394,4,0,3,4,1,1,2,47,0,0,1,0,1,0,1,1
1,59,4,8,13260,0,2,3,3,0,1,0,74,1,0,3,2,1,1,0,1
1,44,1,7,4791,2,0,1,4,1,2,0,31,2,0,3,2,1,1,1,1
3,18,0,9,14219,2,3,1,2,2,1,3,22,0,1,1,1,1,1,0,1
0,54,4,9,7563,0,3,2,1,0,3,2,29,0,1,1,2,1,0,0,1
2,27,1,9,1981,1,4,3,4,0,2,0,36,1,0,3,3,1,0,1,1
2,54,0,10,14708,0,3,3,1,0,3,1,30,1,1,2,1,1,0,0,1
1,46,3,4,15798,0,1,3,1,2,2,0,36,1,0,1,1,1,1,1,2
3,10,1,4,10526,2,0,1,4,1,2,2,73,1,1,3,1,1,1,1,1
1,10,4,3,13462,2,4,1,4,1,2,3,40,0,2,3,3,1,0,1,1
3,5,2,2,2942,1,2,2,1,0,3,1,54,0,2,2,0,1,1,0,1
1,8,0,8,6442,1,0,1,3,2,1,1,57,0,2,1,3,1,1,1,1
2,24,4,7,6635,0,4,2,4,0,3,0,26,0,0,1,3,1,1,1,1
2,5,2,8,14189,3,4,2,3,2,1,1,32,2,0,2,1,1,0,0,1
3,67,1,1,6674,1,2,3,0,0,1,1,42,2,2,1,2,1,1,1,1
1,66,3,5,13541,4,3,1,3,2,3,0,44,1,0,2,3,1,0,1,1
1,15,2,2,5849,2,0,3,0,0,3,1,19,0,2,1,3,1,0,1,1
0,25,0,9,11216,4,0,3,4,0,1,3,55,1,1,1,1,1,0,1,1
1,54,3,2,4078,3,1,3,0,1,2,3,35,2,0,1,0,1,1,1,1
3,48,2,1,10442,1,3,3,4,0,2,1,37,0,2,2,2,1,1,1,1
0,43,3,6,1724,3,0,3,0,0,1,3,52,1,1,2,0,1,0,0,1
3,71,4,9,13658,1,0,1,2,1,2,0,72,1,2,2,0,1,0,1,2
2,46,3,10,781,0,3,2,1,0,3,3,67,0,1,3,3,1,1,0,1
0,49,3,1,18486,1,3,2,4,1,2,1,73,1,0,2,1,1,1,0,2
1,38,1,3,15561,1,3,3,1,2,2,2,42,1,2,1,2,1,0,1,1
2,39,1,1,10808,0,3,1,3,0,3,0,25,1,0,3,0,1,0,0,1
1,23,2,3,16849,0,4,2,0,1,1,3,31,2,1,3,0,1,0,1,1
0,39,4,5,15009,4,3,1,2,0,2,1,38,1,1,2,0,1,0,0,2
2,66,2,3,2855,2,2,1,4,1,1,3,35,0,2,1,1,1,1,0,1
2,29,1,0,13832,2,4,3,4,0,3,0,30,0,2,3,0,1,0,0,1
0,13,3,5,7135,4,1,1,1,0,1,2,27,1,1,3,1,1,1,1,1
1,44,4,0,15868,1,0,3,1,0,3,0,29,2,2,2,1,1,1,0,1
0,57,4,2,16014,2,3,3,2,2,2,3,55,0,0,1,2,1,1,1,2
2,69,1,0,17670,4,1,3,2,0,1,1,46,0,0,1,2,1,1,0,1
2,40,3,0,8480,3,4,1,2,2,3,2,21,2,2,1,1,1,0,0,1
2,57,2,4,3773,1,2,1,0,2,1,3,50,1,1,1,1,1,0,0,1
3,21,2,9,2532,1,4,2,3,1,1,2,66,0,1,1,0,1,1,0,1
3,32,1,8,3269,0,0,2,1,0,2,0,42,0,0,2,1,1,1,1,2
1,32,0,1,18350,0,3,3,1,2,3,0,36,1,0,1,3,1,1,0,2
0,26,1,0,10950,0,2,2,4,2,2,0,34,1,2,1,3,1,0,1,2
2,52,2,3,6670,3,2,1,3,0,2,3,40,1,2,3,1,1,1,0,1
3,64,4,7,8449,3,1,3,1,2,2,3,34,0,2,3,3,1,0,1,1
3,26,4,8,3405,2,4,3,4,2,1,1,70,1,1,1,2,1,0,1,1
0,13,0,9,10665,3,1,2,1,0,1,3,74,2,1,3,0,1,1,0,1
0,60,3,3,8018,0,4,3,2,0,1,0,38,0,0,3,3,1,0,0,2
0,61,0,1,14814,1,2,3,1,2,1,2,70,1,0,2,1,1,0,1,1
0,67,3,0,636,1,0,2,0,0,3,1,66,0,1,2,2,1,0,0,1
2,21,1,1,17253,4,4,1,2,1,2,0,23,1,1,2,2,1,0,1,1
2,52,2,0,1357,3,0,2,2,0,2,1,46,0,0,1,1,1,1,1,2
1,52,3,9,7867,4,1,2,4,2,3,1,55,0,1,2,2,1,1,1,1
1,57,2,2,6466,1,4,3,1,0,3,1,42,2,1,3,2,1,1,1,2
3,58,4,9,13352,4,4,3,4,0,3,0,44,0,2,2,1,1,0,1,2
1,68,2,6,12262,0,4,2,3,0,2,1,46,2,2,2,1,1,1,1,2
3,36,4,5,3841,1,2,2,0,0,3,0,57,1,1,1,2,1,1,0,1
3,9,3,5,9205,2,3,2,3,1,3,3,35,1,1,3,0,1,0,1,1
1,17,1,9,10005,0,1,2,2,0,1,1,52,1,2,1,0,1,1,0,1
0,64,3,0,8715,4,3,2,1,2,1,0,32,1,2,3,3,1,1,0,2
3,61,2,1,647,4,2,2,2,1,2,2,68,1,0,1,1,1,1,1,2
2,4,2,4,3500,2,0,2,1,0,3,3,23,2,2,1,2,1,1,1,1
1,28,0,4,9443,1,2,3,3,2,3,1,22,2,0,1,2,1,1,1,1
2,20,0,6,5003,0,2,1,2,1,3,3,21,0,1,2,3,1,1,0,1
2,25,2,8,10202,3,1,1,2,2,3,2,38,2,0,3,2,1,1,0,1
3,47,0,6,3237,2,1,3,1,0,1,2,52,0,2,2,2,1,1,1,1
1,38,4,2,13671,3,2,3,1,2,2,1,74,2,0,1,3,1,0,0,1
3,36,4,3,3689,3,0,2,2,1,1,0,44,0,2,1,3,1,1,1,2
3,33,3,8,12103,0,0,2,2,2,2,1,29,0,0,1,0,1,1,0,1
0,47,3,2,15518,0,3,2,1,1,1,3,39,2,0,2,2,1,0,1,1
0,50,2,5,6790,3,1,2,2,2,1,3,26,2,1,3,0,1,1,0,1
2,6,0,5,2795,0,3,1,1,1,3,3,45,0,2,3,3,1,1,0,1
0,13,1,8,354,4,2,2,2,0,3,3,59,1,0,3,0,1,1,1,1
1,27,2,7,6830,0,2,1,0,0,3,1,20,1,0,1,0,1,1,1,1
1,33,4,5,2357,3,2,1,2,2,2,1,62,1,0,2,0,1,0,1,1
3,71,1,3,16343,4,2,2,3,2,1,3,31,1,1,1,2,1,1,1,1
3,64,2,4,18008,2,4,3,4,1,2,2,56,2,0,2,0,1,1,0,1
0,48,1,4,18146,0,4,1,3,2,3,1,64,2,2,2,0,1,0,1,1
3,6,0,2,17082,4,1,3,3,0,2,1,62,1,0,3,2,1,1,0,1
0,10,0,6,10957,0,3,2,0,0,1,3,56,2,2,2,3,1,0,1,1
2,35,1,2,6182,2,4,3,1,1,2,0,57,2,2,1,2,1,0,0,1
3,43,0,7,8399,4,0,2,3,1,3,0,29,0,2,2,1,1,1,0,1
3,48,0,8,4974,3,3,3,4,2,1,2,26,2,2,2,2,1,1,0,1
0,13,1,10,15584,0,2,2,2,2,3,0,40,2,2,2,2,1,1,1,1
3,64,1,1,8214,4,4,3,4,0,3,0,53,0,0,1,1,1,0,1,2
0,37,2,8,7278,0,2,2,1,2,3,3,53,2,1,2,2,1,1,0,1
2,44,0,0,12841,3,4,2,0,1,2,1,62,2,2,2,0,1,0,1,1
1,6,1,3,7071,3,0,2,0,2,1,2,36,1,1,3,0,1,1,1,1
1,60,2,1,6762,1,0,3,2,0,1,1,67,1,2,3,2,1,1,1,2
0,40,4,1,4398,2,4,3,3,0,2,0,44,1,2,1,1,1,1,1,1
3,19,3,1,1478,0,2,1,1,0,2,0,32,2,2,3,0,1,0,0,2
1,25,4,0,943,4,2,3,3,2,1,3,60,2,0,1,0,1,1,0,1
2,27,1,9,7601,1,0,3,3,0,3,0,26,2,1,3,3,1,0,1,2
1,5,2,0,18413,1,1,3,1,2,3,2,41,1,0,2,1,1,1,0,1
1,68,2,4,5005,2,4,2,1,2,2,1,62,0,0,3,0,1,0,1,1
3,58,4,7,11949,3,1,2,3,0,3,1,62,2,0,3,2,1,1,0,1
0,64,4,10,6179,2,2,3,3,2,2,3,33,0,1,2,2,1,0,0,1
2,28,4,9,5774,2,1,2,0,0,2,2,28,0,1,2,1,1,1,1,2
2,41,3,1,3223,2,1,2,1,0,2,2,20,0,2,3,3,1,1,1,2
1,35,2,10,10532,4,0,2,2,1,2,1,24,2,2,2,1,1,0,1,1
1,36,2,7,12273,1,4,2,2,0,3,1,65,1,2,2,2,1,1,1,1
0,44,4,1,6641,4,4,1,0,0,1,2,62,0,0,2,2,1,0,0,1
3,34,1,4,9861,3,0,1,4,0,3,0,47,0,1,2,2,1,1,1,1
3,56,1,10,8939,4,1,1,1,1,3,0,50,1,2,1,0,1,0,0,1
0,7,4,4,5193,4,2,2,1,0,3,2,37,2,0,1,2,1,0,0,1
0,17,1,2,12873,3,1,2,0,0,1,2,29,2,1,3,2,1,0,1,1
0,64,1,9,10357,1,3,2,4,1,1,0,19,1,2,2,0,1,1,0,2
0,63,2,10,1451,3,1,3,1,1,2,3,56,1,2,2,0,1,1,1,2
3,59,1,10,9241,3,0,1,4,2,3,2,20,2,2,1,2,1,1,0,2
3,29,4,10,7356,1,1,2,2,0,3,0,24,2,1,3,0,1,0,1,1
0,35,4,9,14776,3,2,1,4,1,3,3,63,0,1,2,3,1,1,0,2
2,5,1,4,5845,1,0,1,0,2,1,3,51,2,1,1,0,1,0,0,1
0,23,2,2,17696,2,4,2,0,1,2,1,46,1,2,1,3,1,0,0,1
1,53,4,6,11473,3,0,1,4,0,3,1,31,2,1,2,2,1,0,0,1
2,27,3,2,2634,0,0,1,4,1,2,1,27,0,1,2,1,1,0,1,2
2,36,1,5,7611,1,2,3,2,1,3,2,45,0,0,1,1,1,1,1,1
3,12,2,7,16381,3,2,3,0,0,1,0,39,2,1,1,1,1,1,0,2
0,37,3,10,4896,2,1,1,4,1,2,1,48,2,0,1,2,1,1,1,1
0,53,3,3,13112,4,1,1,1,0,2,0,28,0,1,1,3,1,1,0,2
1,42,0,2,14546,0,0,1,4,1,3,0,31,2,2,3,0,1,1,1,1
1,41,1,8,12889,3,3,2,4,2,1,1,25,0,2,2,2,1,0,1,2
3,66,4,0,1899,4,1,3,4,1,1,2,42,2,1,2,3,1,0,0,1
3,19,1,6,7080,4,0,1,3,2,1,3,34,0,2,1,1,1,1,1,1
1,24,1,8,6604,0,1,1,3,0,1,0,31,0,2,2,2,1,0,0,2
3,46,1,6,6526,4,4,2,2,2,3,0,49,2,1,3,0,1,0,0,1
1,36,0,4,16291,1,1,3,0,2,3,1,46,2,2,3,3,1,1,0,1
2,70,0,9,352,1,4,2,1,2,1,2,30,0,1,2,0,1,0,1,2
1,8,1,4,10087,1,1,3,3,2,3,3,58,0,2,1,1,1,1,0,1
0,12,4,7,18175,3,0,2,4,1,2,2,38,1,1,2,1,1,1,0,2
3,27,0,5,16227,3,1,1,2,1,3,2,38,0,0,1,1,1,1,0,1
0,35,1,0,11318,2,1,2,3,2,1,0,45,2,0,1,0,1,1,0,2
0,64,0,5,18462,0,0,3,0,2,3,0,26,2,2,3,2,1,0,1,1
0,37,2,0,7592,4,2,2,2,1,2,0,42,2,0,3,0,1,0,1,1
1,33,1,10,11407,1,1,1,2,0,3,2,51,0,2,3,3,1,1,0,2
0,15,3,6,10173,0,3,1,4,0,2,1,26,0,0,2,0,1,1,0,1
0,33,2,4,1113,2,2,2,1,0,3,0,50,2,1,3,1,1,0,0,1
2,40,3,5,989,2,2,2,1,0,2,2,21,0,1,2,3,1,1,0,1
3,43,3,6,16617,3,2,2,1,0,3,3,52,1,1,1,0,1,1,1,1
0,45,2,2,3419,4,0,2,0,0,2,1,20,1,0,1,0,1,0,0,1
1,33,4,3,6725,0,3,2,2,2,1,3,28,2,0,1,2,1,1,0,1
2,14,2,4,11626,1,0,2,3,0,3,2,38,0,1,3,0,1,1,1,2
3,14,4,2,10753,2,3,1,4,1,3,2,53,2,1,1,3,1,1,1,1
2,14,4,8,9635,3,4,2,4,1,2,3,59,2,2,3,1,1,1,0,1
3,46,2,1,18119,3,3,2,0,0,1,0,45,0,1,3,3,1,1,0,1
2,62,3,9,14614,1,2,3,1,2,3,3,26,1,0,2,0,1,1,1,1
1,64,1,3,17437,3,1,3,1,2,3,3,40,0,0,3,0,1,0,0,1
0,25,4,6,12272,4,4,2,1,2,3,3,63,1,1,1,3,1,1,0,2
3,9,3,1,18118,2,1,1,4,2,3,2,24,0,1,2,3,1,1,1,1
3,46,4,4,11226,4,2,1,0,1,2,3,59,0,2,1,3,1,1,1,1
0,6,1,8,10136,3,3,1,0,2,1,3,40,1,1,1,1,1,1,1,2
2,46,3,2,15128,1,4,1,4,0,1,3,19,1,1,1,1,1,0,0,1
0,30,2,1,16105,1,4,3,4,2,1,3,57,0,0,3,2,1,0,0,1
2,61,0,5,1495,3,0,1,1,2,1,3,20,0,0,3,1,1,0,0,1
3,46,0,1,16868,1,4,1,1,0,3,1,39,0,2,3,0,1,1,1,1
0,54,2,3,12858,1,0,2,2,1,3,2,29,2,1,3,1,1,1,1,1
1,31,1,4,16631,1,2,1,2,1,1,1,51,1,1,3,2,1,0,0,2
0,61,0,6,13309,3,4,3,4,0,2,3,22,0,1,3,0,1,1,1,1
2,39,2,7,17166,1,3,3,2,2,1,3,24,0,0,1,1,1,0,0,1
3,46,3,7,5271,3,4,3,0,0,2,3,48,2,1,3,1,1,0,0,1
0,28,1,9,3674,4,1,2,2,0,3,2,74,0,1,3,0,1,1,1,2
1,34,4,0,3820,4,1,2,2,0,3,1,21,2,0,1,0,1,0,0,2
3,61,3,3,4851,4,1,2,2,2,3,0,44,1,1,1,1,1,1,0,2
1,30,2,0,4152,0,1,1,2,0,1,2,63,0,1,3,0,1,1,0,1
0,5,4,0,8309,2,3,2,4,1,3,2,35,0,0,3,1,1,0,1,2
1,29,2,2,3866,1,2,3,4,2,3,2,46,0,1,1,2,1,0,0,1
2,30,0,6,3136,4,3,1,1,0,2,2,65,2,2,1,3,1,0,0,1
2,32,0,9,9809,3,2,1,1,2,1,3,59,1,0,2,0,1,0,1,1
1,8,4,8,14728,1,1,2,3,0,1,0,35,1,2,1,1,1,1,0,2
3,12,4,7,2725,2,0,2,2,2,3,1,61,0,1,3,0,1,1,0,1
2,26,3,8,9581,3,2,3,2,0,1,2,56,2,2,2,1,1,1,1,1
1,32,0,1,12281,2,4,3,0,0,1,3,47,0,0,1,1,1,1,1,1
3,5,1,9,13126,2,4,3,1,2,2,3,43,1,2,3,3,1,1,1,1
3,30,0,9,2167,0,1,2,3,2,1,3,70,2,1,3,1,1,1,0,2
1,25,0,1,13641,2,2,3,4,2,3,3,67,2,2,3,3,1,1,1,2
0,6,1,5,740,1,3,1,3,2,3,3,74,1,2,3,0,1,1,0,1
2,21,2,9,4573,4,3,2,1,1,1,2,56,2,0,1,0,1,1,0,1
2,22,0,5,6077,4,0,1,0,0,1,0,39,0,0,3,0,1,0,0,1
0,13,4,9,15817,3,2,3,0,0,1,2,25,2,0,3,1,1,0,0,2
2,55,2,10,3751,0,0,2,1,1,3,2,26,1,1,3,0,1,1,0,1
3,8,1,5,14529,4,0,2,2,1,2,0,72,1,2,1,0,1,0,0,1
0,43,2,0,18293,1,3,1,4,1,2,3,39,0,1,2,0,1,0,0,1
2,49,3,3,17768,2,0,3,4,0,1,2,25,2,0,3,3,1,0,0,1
0,58,1,2,5779,4,1,2,0,1,1,3,31,2,0,1,3,1,0,1,1
2,41,0,5,1996,4,2,3,3,0,2,0,20,2,1,2,0,1,1,1,1
1,40,0,6,4302,0,3,2,1,0,1,3,48,0,2,3,3,1,1,0,2
0,55,4,5,14280,1,2,1,0,0,2,1,52,1,0,3,0,1,0,1,1
3,62,0,2,3841,3,0,2,2,1,3,2,40,2,1,2,1,1,1,1,1
0,18,3,3,12032,2,3,2,0,1,1,2,60,1,1,3,1,1,1,1,1
2,58,1,7,7072,1,4,1,1,0,2,2,45,2,0,3,1,1,1,0,1
0,35,3,0,14245,2,4,1,2,1,3,3,72,2,2,3,3,1,1,0,1
3,10,0,2,11306,4,3,3,1,0,3,0,61,0,2,1,2,1,0,0,1
2,45,4,9,10935,1,2,2,2,0,1,2,23,1,1,1,2,1,0,0,2
3,70,3,1,14520,3,4,2,2,0,1,3,34,0,2,1,2,1,1,0,1
1,13,2,4,17676,3,2,2,3,1,3,0,61,1,2,2,2,1,1,1,2
1,5,1,2,6903,4,0,3,0,2,3,1,49,1,2,2,0,1,1,0,1
2,66,4,1,9901,1,4,1,0,0,1,1,61,2,0,1,1,1,1,1,1
3,44,1,4,11673,1,1,2,2,0,2,2,37,2,0,3,0,1,1,1,1
3,18,2,5,15270,2,4,1,1,0,2,3,21,1,1,1,2,1,0,0,2
0,57,1,1,9047,2,1,1,3,1,3,3,62,1,0,3,1,1,1,1,2
2,30,1,0,7085,2,4,1,0,2,3,3,62,1,0,2,2,1,0,0,1
0,26,2,1,15698,3,2,2,2,0,2,1,54,1,1,3,2,1,0,1,1
1,23,0,7,17645,3,2,2,4,1,3,2,41,1,1,1,1,1,0,1,1
3,44,0,9,10635,1,1,2,0,2,1,0,19,2,0,1,0,1,1,1,1
1,13,1,1,2138,3,4,3,1,2,1,1,59,2,0,3,3,1,0,0,2
3,28,0,3,5540,1,0,2,4,1,3,0,55,2,0,2,1,1,1,0,1
1,24,2,3,8698,2,2,2,2,2,1,0,56,0,1,2,0,1,1,0,1
0,8,4,3,13090,0,1,3,0,2,3,3,28,1,2,1,1,1,1,0,2
1,55,0,2,12472,1,2,2,1,2,1,3,59,1,1,3,3,1,0,0,2
2,4,0,0,15216,4,1,3,3,0,2,2,59,1,0,1,1,1,1,1,2
3,69,0,5,797,2,3,1,4,0,1,0,67,1,1,3,3,1,0,0,1
2,10,2,3,8744,3,1,3,1,0,3,0,50,2,0,2,1,1,1,0,1
3,28,1,3,13044,0,0,3,2,2,2,0,59,1,0,1,3,1,1,1,1
3,10,2,2,18266,3,0,2,3,1,1,2,41,0,0,2,2,1,0,0,1
3,28,0,10,2847,1,3,1,0,0,2,0,58,1,1,2,0,1,0,0,1
2,45,1,6,16293,3,1,2,1,1,1,1,57,2,1,2,2,1,0,1,1
1,9,2,4,391,4,1,3,3,0,3,3,62,0,1,3,1,1,1,1,1
1,39,2,2,3844,2,3,2,0,2,1,3,66,0,1,2,0,1,1,1,1
0,56,2,8,15707,0,1,1,3,1,2,3,19,2,1,2,2,1,0,0,1
1,34,3,9,14608,2,1,1,2,2,2,1,62,0,2,2,0,1,1,1,1
3,11,2,0,18002,0,1,2,4,0,1,2,63,1,2,1,2,1,0,0,1
1,51,4,10,11217,2,1,3,0,1,1,0,49,2,0,3,3,1,1,0,1
0,16,2,7,11491,0,3,2,4,0,2,3,48,0,2,1,0,1,0,0,2
2,5,1,1,10010,3,2,3,1,2,2,0,59,1,0,1,1,1,0,1,2
3,33,1,8,9588,1,4,3,0,1,1,2,44,0,0,1,2,1,1,0,1
3,22,1,1,9629,1,3,1,3,1,1,2,42,0,1,2,0,1,0,0,1
1,5,2,0,5588,0,0,1,2,1,3,3,63,0,0,2,1,1,0,0,1
1,56,1,1,15824,4,1,3,4,0,3,1,63,0,1,3,1,1,1,0,1
2,44,4,5,6758,4,1,2,0,2,2,0,30,1,0,3,0,1,0,0,1
0,65,2,6,11398,4,2,3,0,1,3,3,65,1,1,3,3,1,1,0,2
1,36,4,4,12463,0,1,3,2,2,1,2,37,0,2,1,1,1,0,0,1
0,33,3,1,10063,1,4,2,4,0,3,1,26,2,2,3,3,1,0,1,1
3,61,1,2,11408,4,1,1,2,0,3,1,68,2,0,1,2,1,0,1,2
2,9,1,9,1141,2,2,3,3,2,1,1,32,0,1,1,3,1,1,1,1
3,28,3,10,6016,0,0,2,4,0,2,1,30,2,1,2,3,1,0,1,1
3,58,1,8,8431,0,4,1,4,0,3,1,34,0,1,2,2,1,0,1,1
3,23,1,1,7444,1,4,2,2,2,2,1,46,1,1,1,1,1,1,1,2
0,64,4,9,16821,4,3,1,3,0,1,1,28,1,2,3,1,1,0,0,1
3,23,2,7,16622,0,1,1,2,0,2,0,27,1,1,1,3,1,0,1,1
0,32,0,5,13239,4,0,2,3,1,3,3,40,2,0,2,1,1,0,0,2
1,65,2,1,6679,3,3,2,2,0,1,0,31,2,2,2,2,1,0,1,1
2,20,2,10,1179,4,2,2,2,0,2,0,29,0,2,2,0,1,0,0,2
1,69,4,4,14031,4,4,3,2,0,2,0,70,1,0,2,3,1,1,0,1
0,6,3,0,16382,1,3,2,3,0,2,3,52,2,1,3,2,1,0,1,1
0,22,0,2,9185,4,2,3,3,0,1,1,19,2,2,2,1,1,0,0,1
3,44,0,4,15336,0,4,3,4,2,1,1,24,2,1,1,2,1,1,0,2
1,44,3,0,17234,1,4,3,3,0,3,1,64,1,1,3,1,1,0,1,1
1,65,0,3,10226,1,2,1,0,0,3,0,34,0,2,3,0,1,1,0,1
3,69,1,5,4074,0,0,3,2,0,2,1,27,1,2,1,3,1,0,0,2
0,50,0,10,658,0,0,1,1,1,3,0,56,2,1,3,3,1,1,1,1
3,48,0,0,14064,0,2,2,0,2,3,3,65,2,0,2,3,1,1,1,2
3,25,4,6,10514,0,2,2,0,1,2,0,41,2,1,1,1,1,0,0,1
2,58,0,10,3055,1,0,1,2,0,2,1,60,2,2,1,1,1,1,0,1
0,47,0,8,1246,0,0,1,4,0,3,3,42,1,0,3,0,1,0,1,2
0,5,4,10,17943,0,3,3,2,1,2,3,25,0,1,1,2,1,1,0,2
1,60,0,1,6096,4,3,3,2,0,3,2,63,1,1,2,1,1,0,0,1
2,28,4,8,6219,0,0,1,0,2,3,0,70,1,0,3,3,1,1,0,2
0,36,0,10,11727,0,2,2,3,2,1,1,74,2,1,3,3,1,1,1,2
1,37,0,3,6901,0,0,1,0,1,2,0,24,1,2,2,0,1,1,0,2
0,59,0,5,16910,0,3,3,4,2,3,2,50,2,0,3,3,1,0,0,1
2,22,3,5,12677,2,4,3,4,0,3,1,53,0,1,1,0,1,1,0,1
0,30,3,5,6779,4,4,3,4,0,2,2,23,2,2,3,1,1,1,0,1
2,6,2,3,5116,3,2,2,1,2,3,2,72,1,0,1,1,1,1,1,1
0,27,1,10,15945,2,3,1,0,2,2,3,24,2,1,1,3,1,1,0,1
0,10,0,10,11049,0,4,1,1,0,2,1,34,1,0,3,2,1,0,0,1
0,43,2,4,17010,3,3,1,3,1,1,3,73,1,1,3,3,1,1,0,1
3,64,1,8,6548,0,2,3,1,0,1,1,50,0,1,3,2,1,1,1,1
0,35,2,4,634,3,3,1,4,1,3,2,57,2,0,3,3,1,0,1,1
1,66,3,8,16658,2,2,3,0,2,3,2,46,2,0,1,3,1,1,1,1
2,70,4,6,4619,4,4,3,0,2,3,3,61,2,1,2,3,1,1,0,1
2,7,2,5,15679,1,2,1,1,1,3,1,23,0,2,3,1,1,0,0,2
2,39,0,1,13204,3,4,3,3,2,1,3,56,0,0,2,1,1,0,0,2
3,39,1,7,4479,2,0,3,3,1,2,1,22,2,2,1,3,1,0,0,1
1,30,4,3,14062,2,0,2,1,2,2,1,29,0,0,1,3,1,0,1,1
3,60,2,2,1738,4,0,2,3,0,3,1,47,1,1,3,3,1,1,1,1
1,30,3,2,7411,3,2,1,3,1,2,2,44,1,1,3,2,1,1,0,1
3,7,2,10,6757,2,3,2,2,1,3,2,27,2,1,1,3,1,1,1,2
2,41,0,1,12235,2,1,3,2,1,3,0,63,2,0,1,2,1,1,1,1
2,17,4,8,10004,3,0,2,0,0,3,3,35,2,2,2,2,1,0,0,1
3,28,3,9,11421,1,4,1,1,0,3,3,67,0,0,1,0,1,1,1,1
3,38,4,0,8940,0,3,2,2,2,3,0,19,1,2,3,2,1,1,0,2
3,53,4,6,13750,2,3,3,0,0,1,3,32,2,1,3,2,1,0,0,2
2,22,1,6,3171,0,2,1,2,1,2,2,35,2,1,2,3,1,0,0,2
0,29,1,3,13365,0,2,3,0,1,2,0,52,0,0,3,3,1,1,1,1
1,8,1,7,1162,2,0,1,3,1,1,1,41,2,1,1,1,1,1,1,2
0,30,4,4,1817,3,0,1,0,0,2,3,27,1,2,3,1,1,1,0,1
3,43,2,4,13456,3,4,2,0,0,2,1,50,0,2,2,3,1,0,1,1
0,45,2,4,3138,1,1,2,3,0,2,3,72,1,2,2,3,1,0,0,2
0,23,4,8,14305,2,3,3,1,0,1,1,26,2,0,1,0,1,0,0,1
0,8,3,6,2672,0,3,1,1,0,2,0,33,0,1,1,1,1,1,0,2
2,43,4,4,2927,3,1,1,1,0,2,1,45,0,1,1,3,1,1,1,1
2,48,4,10,17267,1,1,2,1,0,1,2,59,2,2,2,0,1,0,1,1
3,9,0,8,3486,3,3,3,3,2,2,2,26,2,2,1,3,1,0,0,1
1,38,1,10,16922,4,0,3,3,1,1,3,31,0,2,1,0,1,1,1,2
1,10,3,8,6603,3,2,2,1,0,1,0,32,2,0,2,0,1,1,1,1
0,34,4,4,14802,1,4,3,3,1,2,3,53,2,0,3,3,1,1,1,2
0,47,0,8,17394,4,3,3,3,0,2,2,23,2,2,1,2,1,1,0,1
1,52,1,3,2380,3,3,3,2,1,3,0,55,0,2,2,2,1,1,1,2
3,52,2,2,6281,3,0,3,2,0,1,3,42,1,1,3,3,1,1,0,1
2,55,3,4,10730,4,0,2,4,0,2,1,37,2,0,2,1,1,1,0,1
3,20,0,10,16045,4,1,3,2,0,3,2,67,2,0,1,2,1,1,0,2
0,61,3,6,3666,0,1,1,1,1,1,2,64,1,2,1,2,1,0,1,2
0,27,1,4,3658,4,0,2,2,1,3,0,63,0,1,3,2,1,1,1,1
3,29,1,5,6973,3,4,3,4,1,3,0,68,0,1,2,1,1,1,1,1
0,57,2,3,3983,1,0,1,3,1,3,2,32,0,2,1,2,1,0,1,1
0,26,2,7,5124,1,3,2,0,2,3,1,66,0,0,3,1,1,1,1,2
1,9,3,3,2619,3,2,3,2,2,1,0,28,0,2,3,2,1,0,1,1
3,52,1,6,15377,1,3,1,3,1,2,0,37,0,0,3,3,1,0,1,2
2,49,4,4,14789,2,1,3,1,1,3,3,50,2,2,1,1,1,0,1,1
0,43,0,3,2886,3,1,2,4,1,1,0,60,1,2,1,2,1,0,1,2
3,13,4,10,10045,3,3,3,4,0,2,0,51,1,1,1,3,1,1,1,1
3,46,0,3,12042,4,1,2,4,1,3,2,50,2,0,1,3,1,1,0,1
3,17,3,0,11702,0,3,1,0,0,3,0,40,1,0,2,3,1,0,0,1
3,41,1,4,18206,1,0,3,2,2,2,2,52,1,0,2,2,1,1,1,1
0,38,1,5,11953,4,0,1,2,1,3,2,45,0,2,3,1,1,1,0,1
3,56,0,1,12788,2,3,1,3,2,3,2,45,1,0,1,3,1,1,1,1
1,70,3,3,849,1,3,3,4,2,1,1,51,0,1,3,2,1,1,1,2
3,16,0,1,1696,1,0,3,1,1,1,3,52,1,1,3,0,1,1,1,1
2,11,3,5,11545,1,4,1,2,2,3,2,37,2,2,1,1,1,1,1,1
3,41,3,7,16818,2,0,2,3,1,1,1,26,1,2,2,1,1,1,0,2
2,68,4,10,7532,1,4,1,3,0,1,0,35,0,1,2,3,1,1,0,1
2,14,3,4,11986,3,3,1,3,0,2,1,41,2,2,1,0,1,0,1,1
2,37,1,9,4083,2,4,3,1,0,3,0,28,2,1,1,2,1,1,1,2
3,31,3,2,8577,3,4,1,4,2,3,0,28,1,1,3,2,1,0,0,2
2,25,4,8,13960,0,1,2,0,1,1,1,72,0,0,3,0,1,1,1,2
0,49,1,6,12289,3,3,3,2,0,2,0,34,2,0,2,2,1,1,0,2
3,24,0,8,2334,4,1,3,3,1,3,0,60,0,1,1,3,1,1,1,1
2,37,4,8,16292,0,2,2,0,0,1,1,26,2,0,1,2,1,1,1,1
1,61,0,5,17170,1,1,3,2,2,2,2,73,0,0,3,2,1,1,1,1
2,29,2,2,8957,3,2,2,2,2,2,0,30,1,1,2,1,1,1,0,2
3,5,1,5,6468,3,4,1,3,0,3,1,41,2,1,2,0,1,1,0,2
3,64,0,9,9946,3,2,1,0,2,3,0,62,0,2,1,0,1,1,1,1
3,22,3,10,14874,2,0,3,1,1,3,0,30,0,2,3,1,1,0,1,1
1,56,0,10,8507,3,1,3,1,0,1,0,49,0,2,2,2,1,1,0,1
3,55,3,1,799,3,3,2,3,2,2,1,62,1,0,2,0,1,1,0,1
1,39,3,6,1574,0,2,3,1,0,3,2,20,1,1,3,3,1,1,1,2
2,9,0,1,15061,3,2,3,2,0,2,3,20,0,2,2,2,1,1,0,1
2,68,0,7,14614,2,2,2,3,0,3,2,63,1,1,3,1,1,1,1,1
0,50,3,10,14339,0,1,1,3,1,2,2,33,2,1,2,3,1,0,0,2
1,32,2,0,2557,2,2,3,0,1,2,3,69,2,1,2,0,1,0,0,1
0,62,0,7,3364,2,3,3,4,0,1,1,70,0,1,3,3,1,0,0,1
0,57,4,10,7450,0,4,1,0,0,3,3,68,1,1,2,1,1,1,1,1
1,55,1,9,4463,4,3,3,0,0,3,3,74,0,0,3,1,1,1,1,1
1,15,0,4,7309,1,4,1,0,2,3,2,65,1,1,1,1,1,1,0,1
0,47,4,1,10442,1,4,3,1,2,1,3,40,2,0,3,3,1,1,0,1
1,23,0,10,5360,2,0,2,4,2,1,0,74,2,2,2,1,1,0,1,1
2,9,2,10,2503,4,1,3,1,1,1,3,38,0,2,1,3,1,1,0,1
0,26,4,6,7595,3,1,3,3,1,1,2,51,0,1,1,1,1,1,1,1
1,11,2,10,13437,3,0,2,2,2,1,0,19,2,1,3,1,1,1,1,1
1,11,2,0,11528,1,0,1,0,1,1,0,72,2,2,2,2,1,1,0,2
2,53,1,6,6116,4,3,3,2,1,3,2,52,0,1,3,2,1,0,0,1
1,38,0,0,5932,4,1,2,0,0,1,1,72,0,1,1,1,1,1,1,1
2,31,2,10,10902,2,0,2,2,1,2,1,38,1,0,1,0,1,1,0,2
1,17,4,7,3398,2,1,1,2,0,2,1,36,1,0,3,1,1,1,1,1
1,56,0,10,15464,0,1,1,2,0,2,3,48,1,0,2,2,1,0,0,1
1,47,4,6,16115,3,0,2,1,2,3,1,67,2,0,3,0,1,0,1,2
0,43,2,0,713,4,0,2,3,2,1,0,49,2,2,3,0,1,0,0,1
2,16,2,0,17967,2,3,2,2,0,3,1,63,2,1,2,3,1,0,1,1
0,12,0,3,677,2,4,2,1,0,3,0,31,0,2,3,0,1,0,1,2
1,12,3,8,8619,2,2,3,2,0,1,2,62,2,1,3,1,1,0,0,1
3,5,0,1,12428,0,3,3,0,2,3,3,60,2,2,1,3,1,0,1,1
3,69,1,9,6218,3,4,2,4,0,2,3,69,1,1,1,1,1,0,1,1
2,29,3,2,3966,3,4,3,3,0,3,2,22,1,1,1,1,1,1,1,1
3,48,0,5,1116,4,0,2,1,0,1,3,40,2,2,3,0,1,1,0,2
3,70,2,2,13524,4,4,2,3,2,1,1,23,2,1,1,3,1,0,0,1
1,67,2,5,922,2,0,2,3,1,2,2,41,1,0,1,2,1,1,0,1
3,25,0,4,9086,4,0,3,3,2,3,0,61,0,1,2,3,1,0,1,1
1,37,1,0,7420,2,2,1,0,2,1,2,54,1,1,1,3,1,1,1,2
1,35,1,6,17910,3,3,2,4,0,3,2,61,2,1,1,1,1,0,0,1
2,6,3,8,17226,3,0,1,4,2,3,0,60,0,2,3,0,1,0,0,1
3,56,4,10,15169,4,1,2,4,1,2,2,74,2,2,3,1,1,0,1,1
3,43,4,3,13585,3,1,3,4,1,3,2,68,0,1,2,0,1,0,1,1
1,29,0,9,10158,0,1,2,4,0,3,1,51,2,0,3,2,1,0,0,1
2,41,0,9,6624,0,4,1,3,2,1,2,68,1,1,2,0,1,0,0,2
0,54,0,10,3291,2,1,3,0,2,3,1,21,0,2,2,3,1,0,1,1
3,5,2,4,17916,2,1,3,2,1,3,1,59,0,0,2,2,1,1,1,1
2,47,0,9,7274,3,0,2,1,0,1,0,48,0,2,3,1,1,1,1,1
2,62,1,6,8074,2,0,1,1,2,2,1,72,2,1,1,3,1,0,1,1
3,53,4,0,2826,2,0,2,4,2,2,3,47,1,2,2,3,1,0,0,1
2,46,4,2,5301,4,2,3,4,1,3,3,29,2,2,1,1,1,1,0,2
0,10,4,7,11831,1,2,2,2,1,3,2,59,0,2,3,0,1,1,0,1
1,54,1,1,8030,2,2,1,3,0,2,2,72,2,2,2,1,1,1,0,2
0,55,3,4,10942,2,4,1,0,0,1,2,19,2,0,1,2,1,0,0,1
2,37,3,8,4110,2,2,3,1,2,1,1,22,0,1,2,3,1,1,0,1
0,43,0,1,1747,4,0,2,4,1,1,1,56,1,0,2,1,1,1,0,1
0,46,2,5,16412,4,1,3,2,0,2,2,50,2,0,1,2,1,0,1,1
2,12,2,2,8134,2,1,2,2,2,3,3,49,0,0,3,1,1,1,0,1
2,21,1,5,6841,2,4,1,2,0,1,1,24,0,2,2,0,1,0,1,2
2,57,3,2,5471,2,1,2,1,0,3,2,51,2,1,1,1,1,0,0,2
3,70,3,10,12257,0,0,3,4,0,2,1,50,1,2,2,0,1,1,0,2
3,22,2,0,10526,2,3,2,3,1,1,1,66,0,0,2,1,1,1,1,2
0,31,3,10,7350,1,2,2,3,1,1,1,40,2,0,2,1,1,1,1,1
3,66,3,8,17239,0,0,2,1,0,1,0,38,2,2,1,1,1,0,1,1
2,15,2,9,16706,0,3,2,3,1,3,1,23,0,2,3,3,1,0,0,1
2,21,1,9,3873,2,1,1,4,1,1,2,50,0,2,2,1,1,1,0,2
0,7,3,2,11973,0,4,1,3,1,3,2,55,0,0,2,2,1,1,0,1
2,19,3,10,17922,3,4,1,2,1,2,3,34,2,1,3,2,1,1,1,1
2,47,4,6,9160,2,1,3,1,2,1,0,59,0,0,2,2,1,1,0,1
2,27,0,10,800,1,2,2,2,2,1,3,71,2,2,1,1,1,1,0,1
0,70,2,9,2661,3,2,3,1,0,2,3,28,1,0,2,3,1,0,0,2
2,64,4,6,12435,2,3,1,3,2,2,1,51,1,2,2,0,1,0,1,1
3,64,2,4,16709,3,0,1,0,1,3,1,57,2,0,1,1,1,0,1,1
2,53,4,1,2593,3,1,3,0,0,2,1,20,2,0,1,3,1,0,1,2
0,51,0,1,10229,0,0,3,3,1,1,2,29,0,2,1,1,1,0,1,1
3,38,0,4,9317,1,3,2,1,2,1,3,41,0,1,3,2,1,1,1,1
3,71,3,8,5452,2,0,1,2,2,2,2,26,0,1,1,0,1,0,1,1
0,10,1,5,11778,4,2,3,2,1,2,2,38,2,1,2,2,1,1,0,1
3,53,2,5,16272,0,3,1,2,0,3,2,27,1,0,3,3,1,0,1,1
1,13,2,2,4616,0,4,2,3,0,3,0,69,0,2,2,2,1,1,0,1
2,27,2,6,1243,4,1,2,1,0,2,2,52,0,1,1,2,1,1,0,1
1,21,4,7,6801,4,0,3,3,2,2,0,37,1,0,3,3,1,0,0,1
3,44,0,10,5981,0,3,1,1,1,3,3,62,2,1,2,1,1,0,0,1
3,57,3,8,13521,2,0,1,1,1,1,3,20,1,0,1,1,1,0,1,2
3,9,4,6,10047,3,0,1,2,2,2,2,52,2,0,2,0,1,1,1,1
3,44,3,10,576,0,4,1,4,2,1,1,57,2,1,1,2,1,1,1,1
3,19,1,4,6451,1,4,2,1,2,2,2,64,2,0,2,2,1,1,1,1
0,9,0,10,13665,1,3,3,2,0,3,2,31,1,0,1,3,1,1,0,1
1,32,3,4,8950,3,4,1,0,1,1,2,52,2,1,3,2,1,0,1,2
2,43,2,1,10522,1,0,2,0,2,1,2,61,2,1,3,0,1,1,1,1
2,17,0,4,5073,2,0,1,3,2,1,0,63,1,0,3,2,1,0,0,1
0,30,1,1,6078,1,1,1,3,0,1,0,28,1,2,3,3,1,1,1,1
0,68,4,1,2624,3,0,3,1,1,1,1,73,2,2,1,0,1,1,1,2
2,27,1,9,1739,0,4,1,3,2,3,2,34,1,0,1,1,1,1,1,1
2,71,0,8,922,1,0,2,1,0,3,1,40,0,0,3,3,1,1,1,2
0,60,3,2,11645,1,2,3,1,1,2,2,29,2,1,2,1,1,1,1,1
0,29,0,9,3127,4,4,3,2,0,3,1,27,0,2,2,3,1,1,1,1
0,43,4,0,10721,4,3,1,1,2,3,3,33,2,0,3,2,1,0,0,2
2,52,4,3,17641,2,1,2,4,0,3,1,26,1,2,2,2,1,0,1,1
0,35,4,7,12974,0,2,3,2,0,3,3,60,1,0,3,2,1,1,0,1
2,31,4,3,10751,3,2,2,1,0,1,1,52,0,0,3,2,1,0,0,1
1,26,1,8,2382,2,3,1,2,0,2,1,40,1,2,1,3,1,0,1,1
1,13,1,9,9173,4,2,1,3,1,2,2,49,2,0,3,3,1,0,0,1
2,5,1,0,16514,1,1,3,1,0,2,1,52,0,0,1,1,1,1,1,1
2,26,2,0,7263,4,3,3,4,1,3,0,29,2,2,1,3,1,1,0,1
2,58,4,10,15327,4,4,1,2,1,1,1,35,2,1,3,2,1,1,0,1
3,19,3,5,13178,1,2,1,3,1,3,3,68,2,1,3,2,1,1,0,1
3,16,3,5,5118,3,0,1,4,2,3,0,19,1,2,1,1,1,1,0,2
3,26,4,5,2827,1,2,1,2,1,1,1,72,0,1,2,1,1,1,1,1
2,44,3,4,560,1,4,3,0,1,2,2,73,2,1,2,2,1,0,0,1
1,18,1,7,5289,1,4,3,3,2,3,2,33,1,0,2,1,1,1,1,1
0,18,2,6,6325,3,2,1,0,0,1,1,36,1,1,3,1,1,1,1,1
2,11,2,1,12220,1,0,3,2,2,1,0,30,2,0,1,3,1,0,0,1
0,26,0,6,10699,3,2,3,4,2,3,0,50,2,2,3,1,1,0,1,2
3,18,3,7,8992,2,4,2,2,0,1,1,30,0,1,1,2,1,1,0,2
3,60,3,1,13442,3,4,3,3,0,3,3,63,2,0,1,0,1,1,0,1
0,65,3,4,14304,4,0,1,2,1,3,0,40,1,2,2,0,1,0,1,2
3,29,2,8,13271,0,1,3,1,0,2,3,73,2,0,1,3,1,0,1,2
0,9,3,6,16622,4,2,1,1,1,2,2,66,1,0,2,0,1,1,1,2
2,9,4,1,6815,0,0,3,2,2,2,0,41,2,2,2,3,1,1,0,2
0,26,2,0,15276,2,4,2,0,1,2,1,52,2,2,2,3,1,1,0,1
1,35,2,6,7928,1,0,1,2,0,2,0,20,2,2,1,1,1,1,1,1
2,39,0,5,3611,3,3,3,2,0,2,3,22,2,1,3,3,1,1,1,1
2,24,3,10,2910,3,4,3,4,2,3,2,47,1,2,1,1,1,1,1,1
1,28,4,5,1919,4,3,2,0,0,3,1,45,0,0,1,3,1,0,0,2
3,23,3,10,17689,2,3,1,4,1,3,1,41,1,1,2,0,1,0,1,1
3,39,4,2,3342,4,1,1,2,2,1,2,24,1,0,3,1,1,1,0,1
0,51,4,4,15493,1,4,3,3,0,1,0,66,2,1,2,1,1,0,0,2
2,6,3,1,14549,1,2,1,2,1,3,1,41,1,0,3,3,1,1,0,1
2,36,2,6,8266,1,0,3,1,1,2,0,45,1,0,3,0,1,0,0,2
1,48,0,2,16927,2,1,2,4,0,2,2,41,0,1,3,3,1,0,1,1
2,49,0,5,16826,3,1,3,1,1,1,2,46,2,2,1,0,1,0,0,1
3,42,1,3,17139,4,2,3,0,1,1,1,55,1,1,3,1,1,0,1,1
3,39,2,2,9318,1,1,3,3,0,1,0,61,0,1,1,2,1,1,0,1
3,50,3,1,5692,1,2,1,3,2,2,1,49,0,1,3,0,1,1,1,1
2,29,2,5,1049,4,2,3,4,1,2,3,28,2,1,3,1,1,1,0,1
1,42,0,10,15586,2,1,1,2,0,2,0,67,0,0,1,3,1,0,0,1
3,25,1,2,16181,1,3,3,0,2,1,0,34,1,1,1,3,1,1,0,1
1,33,4,4,10036,4,1,1,0,2,1,0,19,1,2,3,0,1,0,1,2
2,12,4,2,1544,2,3,3,2,0,3,3,21,0,0,1,2,1,0,0,1
1,27,1,8,15265,4,1,1,1,0,2,0,62,0,1,3,2,1,0,1,1
1,13,4,4,5693,4,4,2,4,1,1,2,40,2,2,2,0,1,0,1,1
0,19,3,10,10257,4,1,2,0,1,2,3,20,1,1,2,2,1,0,0,2
3,32,4,2,12285,2,0,3,4,2,2,2,64,0,0,3,2,1,0,1,2
0,38,4,0,2912,3,0,1,1,1,2,1,36,0,1,1,2,1,0,0,2
0,68,3,6,1395,4,4,1,0,1,1,0,73,1,2,2,1,1,1,0,2
3,5,1,7,1695,1,4,2,1,0,3,0,68,2,0,3,1,1,1,0,1
2,65,3,10,17752,0,1,1,0,1,1,0,21,2,1,1,2,1,0,1,1
1,26,1,9,17719,1,3,3,2,2,3,3,57,0,2,1,2,1,0,1,1
2,53,1,9,8039,3,2,1,1,1,2,0,52,2,0,1,0,1,0,0,2
1,50,3,6,8020,2,0,3,2,1,2,0,28,2,1,2,0,1,1,0,1
0,70,2,3,7674,0,2,2,2,0,2,3,38,0,2,1,2,1,1,1,1
2,11,2,4,6647,2,3,3,0,2,2,1,46,0,1,1,3,1,0,0,2
0,69,1,1,10174,0,4,1,0,0,2,1,27,2,1,3,0,1,0,1,2
2,8,2,4,6752,2,4,1,0,0,2,2,59,1,0,2,0,1,0,1,2
3,63,0,4,11494,2,0,2,0,0,1,2,34,2,2,2,3,1,0,0,1
3,48,3,0,7165,3,1,1,0,2,2,3,71,0,1,2,2,1,0,1,1
1,36,2,2,11746,2,2,1,1,1,1,1,63,0,2,3,3,1,0,0,1
3,31,4,5,17496,2,0,1,2,2,1,2,54,0,1,2,3,1,1,1,1
2,10,2,4,4006,3,2,3,1,1,3,3,25,0,1,2,3,1,1,0,1
1,58,2,10,1394,3,0,3,1,1,1,1,20,1,1,3,0,1,1,1,1
0,53,0,5,9861,4,0,1,2,1,2,1,27,0,2,1,1,1,0,1,2
1,67,0,10,2422,1,0,1,2,0,1,3,46,2,2,2,0,1,0,0,1
2,53,1,7,4472,2,1,2,1,1,2,0,62,1,0,3,0,1,0,0,1
3,69,1,0,14661,1,3,2,1,2,2,0,27,2,2,2,3,1,0,1,2
0,64,1,2,7876,2,0,3,2,2,1,2,58,1,2,3,2,1,0,1,1
2,32,1,7,10276,0,4,1,0,1,3,3,21,0,0,3,0,1,0,0,1
3,51,3,5,14414,2,1,2,2,2,1,0,33,1,0,2,0,1,0,0,1
3,21,0,3,2595,0,0,1,4,2,2,3,52,0,2,3,0,1,0,0,1
1,58,1,5,8985,2,1,1,1,1,2,3,65,2,2,1,1,1,1,1,2
0,45,0,9,878,4,3,3,0,1,2,3,62,2,1,1,1,1,1,1,1
1,33,1,4,9359,4,0,2,3,0,2,1,48,0,1,3,1,1,1,0,1
3,46,3,0,4342,2,0,2,0,0,2,1,21,1,2,1,3,1,0,0,2
3,22,0,3,16880,0,4,1,0,2,1,2,35,1,0,2,0,1,0,0,1
2,46,1,10,5009,1,2,2,0,0,3,0,62,0,0,2,2,1,1,0,2
0,36,0,8,3903,0,1,2,4,1,1,3,23,0,2,2,1,1,1,1,1
0,25,4,9,509,3,3,3,4,2,2,2,58,2,0,3,1,1,1,1,2
1,70,3,10,2682,4,4,2,2,0,2,1,58,0,1,1,3,1,0,1,1
2,8,1,1,4193,2,1,1,3,2,2,2,61,1,1,2,3,1,1,0,1
0,55,0,3,4411,0,2,3,3,1,1,2,31,0,1,1,0,1,1,0,2
2,18,0,0,13724,0,0,1,3,0,3,2,32,1,0,1,1,1,1,0,2
2,19,2,0,16447,4,1,3,2,0,2,3,30,0,2,1,0,1,1,0,1
0,14,3,9,15861,1,2,2,4,2,1,3,41,1,2,3,1,1,0,1,1
0,10,2,10,17703,0,0,3,3,2,1,3,48,1,0,1,2,1,1,0,1
1,12,4,1,16642,0,4,2,0,2,2,2,25,1,1,3,1,1,1,1,2
2,60,1,7,8562,1,4,2,1,2,2,2,50,1,0,2,1,1,0,0,2
3,66,1,5,7365,3,1,2,4,0,2,1,32,0,0,2,1,1,0,1,1
1,43,2,0,12099,4,1,1,2,2,3,0,50,1,2,3,1,1,0,0,1
1,4,1,10,6079,1,0,1,1,0,3,1,35,2,1,3,1,1,1,0,1
3,62,4,9,11267,3,2,3,4,0,3,3,72,1,1,1,1,1,0,0,2
1,44,0,6,18497,0,0,3,3,2,3,0,36,0,2,3,2,1,1,1,1
1,39,2,7,3865,0,1,3,2,1,3,2,67,2,2,3,0,1,1,1,1
1,68,2,4,14290,0,2,1,2,1,3,0,28,2,2,3,0,1,0,1,2
0,31,0,8,17322,4,3,2,0,2,2,1,23,2,2,1,2,1,0,1,1
1,28,2,4,10056,2,2,2,1,0,2,0,29,2,1,2,2,1,1,0,1
2,57,2,10,6747,4,1,3,2,1,2,2,42,2,1,2,1,1,1,0,1
3,39,1,0,4899,0,3,2,4,2,1,3,69,2,0,2,0,1,0,0,1
2,52,0,1,3315,0,3,3,1,1,3,3,28,1,2,2,2,1,1,0,2
3,51,0,10,6113,4,3,3,0,1,2,2,62,0,0,2,1,1,0,0,1
2,61,0,3,13874,0,2,2,2,1,2,0,58,1,2,2,2,1,1,0,1
0,25,2,3,9655,0,4,2,4,2,3,2,38,0,2,2,0,1,1,1,1
1,8,0,8,4291,2,1,2,2,0,3,0,37,2,0,3,0,1,1,0,2
3,36,4,2,10143,3,4,3,1,2,3,1,72,1,2,3,2,1,0,0,1
0,48,1,5,15015,1,1,2,3,2,3,2,59,2,2,1,1,1,0,0,1
3,59,3,3,499,2,1,1,3,2,3,2,32,1,1,2,2,1,1,1,1
2,22,3,2,625,3,2,2,1,1,1,0,70,1,1,3,2,1,1,1,1
1,54,2,10,17759,2,2,2,4,1,1,3,41,2,2,2,1,1,1,1,2
3,60,4,2,13905,1,3,3,2,1,1,1,23,1,1,3,0,1,0,0,2
3,58,0,1,10754,0,1,3,0,0,3,3,64,1,0,1,0,1,1,0,2
0,58,1,7,16784,2,4,1,2,2,3,2,67,1,0,2,3,1,1,0,1
0,71,1,9,11002,4,1,2,4,1,3,2,43,2,2,3,0,1,0,1,1
2,48,0,1,9752,3,2,1,1,2,3,2,58,2,1,3,2,1,1,0,2
3,29,1,7,4109,4,4,2,2,0,3,3,32,0,0,2,3,1,0,0,1
0,33,1,5,15044,0,2,3,3,2,3,0,66,1,2,2,3,1,1,0,2
2,54,3,9,14211,0,3,3,3,1,3,2,39,1,0,2,1,1,1,0,1
0,20,1,1,5644,2,4,1,4,2,1,0,33,1,0,3,0,1,1,0,1
2,44,4,10,13705,0,4,1,0,0,2,1,47,0,1,2,3,1,0,1,1
2,42,3,6,13519,2,2,3,2,1,2,3,33,2,0,1,2,1,1,1,1
0,49,4,9,1986,4,2,2,2,1,2,3,53,2,1,1,1,1,1,0,1
2,32,0,3,3177,1,0,2,0,1,2,1,60,0,2,2,2,1,1,0,1
3,54,4,10,11108,2,2,3,3,0,1,1,41,0,2,3,0,1,0,1,1
3,8,3,6,11630,3,4,3,0,1,1,2,62,1,2,2,2,1,1,1,1
0,54,4,1,12262,0,2,3,2,0,1,1,43,0,0,3,2,1,0,1,2
0,59,1,10,7061,4,1,3,1,1,1,0,73,2,0,3,1,1,1,1,1
0,64,4,8,15499,1,0,3,0,0,3,1,33,2,2,2,1,1,1,0,2
1,66,2,3,8383,4,1,3,4,1,2,1,58,2,1,3,1,1,1,0,1
0,27,0,6,4011,3,1,3,1,1,3,2,48,1,2,2,0,1,1,0,1
3,7,2,4,2350,0,4,2,1,0,3,3,71,2,0,2,0,1,1,0,1
3,48,0,5,16266,3,2,1,4,2,3,2,31,0,2,3,3,1,1,0,2
3,10,4,10,13155,0,0,3,4,2,1,1,30,0,1,2,1,1,1,0,1
0,23,1,9,8672,2,0,3,0,0,2,2,67,0,2,2,0,1,1,1,2
0,51,1,2,4069,4,4,1,1,0,1,3,69,2,0,2,0,1,0,1,1
3,44,2,10,2011,4,4,2,3,2,1,1,60,1,1,3,1,1,0,1,2
1,45,2,4,3038,4,3,2,3,0,1,1,45,0,2,1,3,1,1,0,2
2,55,0,7,2177,2,0,2,4,2,1,0,41,0,1,1,1,1,0,0,2
3,15,4,8,9911,2,0,3,2,1,1,3,56,1,1,2,3,1,1,1,1
0,57,4,5,3859,1,0,2,0,1,3,3,60,0,0,1,1,1,0,1,2
0,43,3,5,2582,4,3,3,4,0,2,0,34,1,2,2,3,1,0,1,1
0,32,3,5,5410,2,3,3,0,1,2,1,19,1,0,2,3,1,1,1,2
0,35,2,9,13014,3,4,3,0,0,2,1,23,0,1,2,0,1,1,0,1
0,38,2,4,9309,1,0,2,3,1,3,3,38,0,2,1,0,1,0,1,1
3,41,2,3,3055,3,0,1,3,1,1,0,57,1,1,1,3,1,0,0,1
2,26,0,3,13914,1,4,3,0,0,2,0,43,1,1,2,3,1,1,0,2
3,19,0,2,9184,3,4,1,0,1,1,1,53,0,0,3,0,1,0,1,1
3,15,1,4,3657,0,3,1,2,1,2,2,45,1,1,3,2,1,0,0,1
3,27,2,1,12864,0,0,1,1,2,2,0,33,1,2,2,3,1,1,0,1
0,21,0,0,18365,1,0,1,3,0,3,2,60,0,0,1,3,1,1,0,2
1,39,0,7,10109,2,0,3,2,2,2,2,59,1,1,1,1,1,1,0,1
3,66,4,0,3197,3,3,2,2,2,1,3,72,0,1,2,3,1,1,0,1
0,11,1,6,5899,1,4,1,2,2,2,0,65,0,0,1,2,1,1,0,1
0,25,2,8,11188,0,3,1,1,2,3,0,40,0,2,3,3,1,1,0,1
2,7,2,7,18488,1,1,1,1,1,2,0,58,0,1,2,0,1,0,1,1
3,70,3,4,17203,2,3,3,3,2,2,3,38,0,0,3,2,1,0,0,2
3,51,3,2,17281,2,0,3,2,2,1,2,67,2,1,1,0,1,0,1,2
3,20,1,10,15443,3,4,1,2,1,1,2,53,0,2,2,1,1,1,0,1
0,32,4,9,10740,1,4,1,2,0,1,3,65,2,2,3,0,1,1,1,1
3,53,1,6,12073,3,3,2,1,1,1,2,34,2,1,1,1,1,0,0,1
3,69,4,0,13644,3,4,3,4,2,2,0,19,2,1,3,3,1,1,0,1
2,43,2,0,13307,3,2,1,2,2,3,2,26,2,2,2,2,1,0,0,1
3,22,0,3,11906,2,2,3,3,1,2,2,48,0,0,2,1,1,1,1,2
3,51,3,1,2699,4,1,1,4,0,2,0,72,1,0,2,1,1,0,1,1
1,50,0,9,16305,1,4,1,4,2,3,2,54,2,1,3,1,1,0,1,1
0,47,3,2,426,3,3,2,3,0,3,1,64,1,1,3,2,1,0,1,2
1,7,0,3,8023,0,0,1,3,0,2,0,45,0,1,1,1,1,0,1,1
0,52,1,10,8173,0,4,1,2,1,3,1,72,1,0,2,0,1,1,0,1
0,5,3,9,18427,4,0,1,3,2,1,1,71,2,2,3,2,1,0,0,1
0,65,4,2,1883,2,2,1,1,0,2,1,31,2,1,1,3,1,0,1,1
2,63,2,4,8933,3,0,3,3,1,2,1,67,1,2,2,1,1,1,1,2
2,42,0,5,6778,3,3,1,0,0,3,2,19,0,2,3,0,1,0,0,2
2,47,1,7,2033,3,2,1,4,1,2,1,52,0,2,1,0,1,1,1,1
2,8,4,10,4333,1,2,1,1,0,3,1,43,0,1,2,3,1,1,1,1
2,63,3,9,7952,0,3,1,3,1,1,3,35,1,1,2,3,1,1,0,1
2,22,0,10,16973,0,3,2,0,1,1,0,71,0,0,1,0,1,1,1,1
0,21,1,0,7334,4,1,3,0,0,3,1,56,1,1,1,0,1,0,1,1
3,52,1,2,16311,1,4,1,4,0,3,0,26,0,2,2,0,1,1,0,1
1,67,0,6,13641,2,2,3,4,2,3,3,26,0,1,1,1,1,1,1,1
0,37,4,0,15195,2,0,2,1,0,1,0,25,0,0,3,3,1,1,1,2
3,38,3,3,15830,0,0,1,0,0,1,3,36,0,0,2,0,1,1,1,2
2,41,0,1,13279,2,1,3,4,0,1,0,22,2,1,3,3,1,0,1,1
0,23,3,10,13635,0,3,1,4,2,2,1,33,2,1,2,0,1,0,1,1
0,44,2,0,3061,0,2,2,0,1,2,2,61,2,2,1,2,1,1,1,1
0,69,0,1,13336,0,1,2,3,0,3,3,67,1,2,2,1,1,1,1,1
1,30,2,2,1132,4,2,2,1,2,3,0,63,0,1,3,3,1,0,0,1
0,56,0,1,13707,2,4,1,3,0,3,0,46,2,1,2,1,1,0,0,1
2,56,1,6,12183,4,2,1,2,1,1,3,57,1,2,1,1,1,0,0,2
2,61,4,4,14064,2,0,3,0,0,1,1,71,2,0,1,0,1,0,0,1
3,53,3,10,11971,1,0,3,1,2,2,0,21,1,1,2,3,1,0,1,1
2,66,0,2,6978,3,2,1,2,2,2,2,69,1,1,3,1,1,1,1,1
2,52,4,5,6991,4,2,2,3,2,3,0,59,1,2,2,1,1,1,0,1
2,70,2,7,11129,2,4,3,0,0,1,3,40,0,2,1,2,1,1,0,1
0,52,4,6,8876,0,2,1,4,0,1,3,44,1,1,1,2,1,0,1,1
0,60,3,8,6465,1,3,2,3,2,1,3,43,2,1,2,2,1,1,0,2
2,64,1,2,9176,4,2,3,4,2,3,1,27,0,2,2,1,1,1,1,2
0,70,2,5,10042,2,1,3,4,0,3,0,31,0,1,1,0,1,1,0,2
0,44,2,8,4628,4,3,2,0,2,3,1,35,2,0,3,0,1,0,0,1
0,52,3,9,11897,2,3,3,0,2,2,1,19,1,0,1,0,1,0,0,1
3,69,1,6,5983,0,3,2,3,1,1,3,47,2,2,1,2,1,0,0,1
1,29,1,7,5136,4,0,1,0,1,3,2,45,1,1,2,2,1,1,1,1
2,12,1,9,7885,3,3,3,0,0,1,3,37,1,0,3,2,1,0,0,1
1,64,1,6,2134,3,1,1,2,0,1,3,28,2,2,2,3,1,1,0,2
0,46,0,10,11258,4,3,1,4,0,3,2,73,1,2,3,0,1,0,0,1
1,33,0,1,13634,0,3,2,3,0,2,0,56,0,1,1,3,1,1,0,1
0,52,4,3,17693,4,3,3,2,2,1,0,45,1,0,2,3,1,0,1,1
3,6,0,1,5425,1,4,3,0,1,2,0,59,0,2,1,2,1,0,1,1
0,36,4,0,10077,4,2,3,1,2,1,2,39,1,0,1,2,1,1,1,1
1,22,0,5,9439,0,0,2,3,0,1,0,31,2,1,2,0,1,1,1,1
3,23,3,2,13593,2,3,2,0,2,3,3,56,0,2,1,0,1,1,0,1
2,69,1,4,11653,3,3,2,2,0,1,0,62,2,1,1,0,1,0,0,1
1,41,2,4,14977,0,0,1,0,2,3,3,55,1,0,1,2,1,0,1,2
2,13,1,6,15774,0,0,2,1,0,2,2,50,0,0,3,1,1,0,1,1
3,28,2,10,2321,4,1,1,1,0,2,0,19,0,1,2,0,1,1,1,1
1,20,2,9,6729,0,4,1,3,0,3,0,54,2,2,2,0,1,0,0,1
2,65,2,4,12169,3,2,3,4,2,2,1,53,2,2,3,0,1,0,1,2
3,23,1,3,10173,4,4,3,0,0,1,1,42,2,0,2,2,1,1,1,1
2,28,2,8,9048,3,4,1,3,1,3,1,32,1,0,3,2,1,0,0,1
1,26,4,1,3410,2,2,1,3,1,2,2,73,1,2,2,2,1,0,0,1
0,15,2,5,10696,2,3,1,4,2,2,0,40,1,0,1,0,1,0,1,1
0,57,1,4,13765,3,1,1,4,1,2,0,34,1,0,1,0,1,1,0,1
3,43,0,2,951,2,0,3,0,0,2,2,58,0,1,1,0,1,0,1,1
2,33,1,6,11046,2,1,3,3,1,2,3,45,0,1,1,3,1,0,1,1
1,30,0,3,16788,0,2,3,2,0,3,1,50,2,0,1,2,1,0,0,2
1,49,0,2,10720,3,0,2,0,2,1,3,55,1,0,2,1,1,1,0,1
2,10,4,7,17638,3,1,1,1,2,2,1,39,0,0,3,0,1,1,1,1
2,67,0,1,6684,3,0,1,4,0,2,1,27,2,1,1,1,1,0,0,1
2,42,2,7,313,0,3,3,2,2,2,0,28,0,0,1,3,1,0,1,1
1,19,4,1,12697,3,4,3,1,0,1,1,71,1,0,3,0,1,0,0,1
2,40,4,4,4133,3,4,2,1,1,2,1,47,0,1,1,3,1,1,0,1
1,61,0,8,426,0,1,2,4,1,1,2,42,1,0,3,1,1,0,1,1
3,15,0,2,3538,4,2,3,1,0,2,0,36,1,0,2,0,1,0,1,2
0,39,1,8,17296,2,4,3,0,1,3,0,59,2,1,3,3,1,0,1,1
0,44,2,7,14508,2,2,1,2,0,2,1,70,2,0,2,2,1,1,1,2
1,59,4,9,5269,3,1,2,4,2,3,0,62,2,1,2,2,1,1,1,2
2,42,1,1,11164,2,1,1,0,2,2,0,48,0,1,1,0,1,1,1,1
2,54,0,7,6442,2,3,2,1,2,1,2,45,0,1,2,1,1,0,1,1
1,56,1,10,3486,1,2,2,2,1,2,3,67,2,1,3,2,1,0,0,1
3,64,4,8,18287,4,4,1,0,1,1,2,66,2,2,3,2,1,0,0,2
1,28,0,2,15104,4,4,1,3,1,3,0,40,0,0,1,0,1,0,1,1
0,51,1,9,6883,0,0,2,1,2,3,3,73,0,0,1,2,1,1,1,1
0,20,0,1,6700,3,3,2,0,1,2,2,65,1,0,1,3,1,1,1,1
3,61,0,6,15134,0,1,3,1,1,3,2,66,0,2,3,3,1,0,1,2
0,68,4,5,8660,1,2,1,4,1,1,0,22,0,2,1,0,1,1,1,1
3,24,0,5,7129,4,1,1,4,1,1,2,26,2,2,3,3,1,0,1,1
1,42,1,5,7318,0,1,3,2,1,1,0,35,1,1,2,2,1,1,0,1
0,59,4,0,8404,1,1,3,2,2,2,2,61,0,1,1,0,1,1,0,1
1,5,3,5,9765,1,0,3,4,1,1,0,23,1,1,3,0,1,0,0,2
2,51,0,10,981,3,3,3,0,2,2,3,23,1,0,3,3,1,1,1,2
1,59,2,4,9012,2,0,3,3,2,3,0,20,1,1,2,0,1,1,1,1
3,63,4,3,8279,2,1,2,3,1,2,2,29,2,1,3,0,1,0,0,1
2,17,2,10,5261,4,0,3,3,2,2,0,70,0,0,3,1,1,0,0,2
1,55,2,1,6735,2,0,2,1,0,1,2,59,1,2,2,2,1,1,0,1
2,57,2,5,7998,3,1,3,3,2,1,1,59,2,2,1,2,1,0,0,1
3,4,3,5,6930,0,4,2,3,0,3,3,35,1,0,3,2,1,0,0,1
1,51,0,5,16827,1,4,2,4,1,3,2,54,2,2,3,3,1,1,0,1
0,46,4,10,9895,4,1,3,0,0,1,1,62,1,0,3,3,1,1,1,2
1,69,4,4,9427,4,2,2,3,1,1,0,48,1,2,3,0,1,1,1,1
3,6,0,10,5048,3,4,1,4,1,3,2,66,2,2,2,0,1,0,0,1
0,69,4,0,16974,1,1,3,1,2,1,1,50,1,0,2,0,1,1,0,2
3,42,4,8,673,0,4,2,3,0,2,0,37,2,1,3,1,1,0,1,1
2,22,3,6,10289,4,0,3,0,2,3,2,54,2,0,3,1,1,1,1,2
2,30,1,2,3330,3,1,2,3,2,3,0,71,2,2,1,3,1,1,1,1
1,56,2,2,14280,1,1,3,3,1,2,0,65,0,0,2,1,1,0,1,1
3,71,4,7,7153,2,0,2,0,1,2,0,46,1,0,2,0,1,1,0,1
0,25,0,7,5608,3,4,3,0,2,3,1,52,2,0,3,3,1,1,1,1
1,70,4,6,1307,2,4,3,3,0,3,0,73,1,0,3,1,1,1,1,1
1,46,4,0,14675,4,1,1,1,2,3,0,60,0,0,1,3,1,0,1,1
1,17,3,6,7485,0,4,3,2,0,2,1,47,0,1,3,3,1,1,1,2
1,44,1,10,5073,1,3,3,0,2,3,0,34,2,1,2,3,1,0,0,2
0,58,2,0,15658,0,4,2,4,0,3,0,69,0,1,1,3,1,0,0,1
0,7,0,5,606,3,4,3,2,2,1,1,73,0,0,2,0,1,0,1,1
0,9,4,5,8806,3,2,3,4,2,1,0,22,2,0,1,2,1,1,0,1
2,4,1,9,3183,4,0,2,0,0,3,3,20,0,2,3,1,1,1,0,1
1,42,0,3,2567,2,4,2,1,1,1,1,25,2,0,3,2,1,1,0,1
2,7,3,5,645,0,3,3,3,1,3,3,40,1,0,3,2,1,0,1,2
2,67,3,7,3663,2,4,1,3,0,2,3,27,2,1,2,2,1,1,0,2
2,12,3,0,17533,0,4,2,3,1,1,3,68,1,0,2,1,1,0,0,1
2,8,0,8,8380,3,0,3,4,2,2,2,70,2,1,2,3,1,0,1,2
2,21,3,9,18499,3,2,3,4,0,3,1,29,2,2,3,2,1,1,1,1
2,55,3,7,5128,4,0,1,0,2,3,2,65,0,0,1,3,1,1,0,1
2,65,3,7,14160,1,0,1,1,2,2,0,26,2,2,3,0,1,1,1,1
2,21,4,8,1885,1,4,2,4,1,1,3,63,2,1,2,3,1,0,1,1
1,39,1,8,2223,0,4,3,2,1,3,1,39,0,1,2,1,1,1,0,1
0,56,1,9,549,2,4,2,4,1,3,0,21,0,1,3,1,1,1,0,2
3,58,4,4,16655,2,4,1,2,0,2,0,42,0,1,1,3,1,1,1,1
1,14,2,5,12507,3,3,1,0,1,2,0,65,0,0,1,1,1,0,0,1
2,61,2,7,13823,3,2,2,2,2,2,0,71,1,0,1,1,1,0,0,1
0,62,1,2,17173,0,4,2,4,0,1,2,25,2,2,3,3,1,1,1,2
1,53,3,9,6313,1,2,1,3,2,1,0,65,1,0,1,3,1,1,0,1
2,39,3,8,13436,2,3,2,0,2,1,3,35,0,2,2,1,1,1,0,2
2,30,0,6,9416,1,1,2,1,2,3,1,44,1,1,1,1,1,1,0,2
2,64,2,3,10153,0,3,1,4,1,1,2,25,0,2,3,0,1,0,0,1
1,62,4,3,12327,4,4,1,4,1,2,1,73,2,1,3,0,1,1,0,1
3,39,1,4,8826,3,3,2,3,1,2,0,63,0,1,2,2,1,0,0,1
2,54,1,7,688,2,2,3,0,2,1,0,54,2,1,1,1,1,1,1,2
